id,sequenceNumber,type,text,awayScore,homeScore,period,clock,scoringPlay,scoreValue,team,participants,wallclock,shootingPlay,coordinate,clockSec
4017680654,4,"{'id': '615', 'text': 'Jumpball'}",Nikola Jokic vs. Ivica Zubac (Ivica Zubac gains possession),0,0,1,12:00,False,0,{'id': '12'},"[{'athlete': {'id': '4017837'}}, {'athlete': {'id': '3112335'}}, {'athlete': {'id': '4017837'}}]",2025-05-02T02:20:32Z,False,"{'x': -214748340, 'y': -214748365}",720.0
4017680657,7,"{'id': '126', 'text': 'Layup Driving Reverse'}",Kris Dunn makes two point shot (James Harden assists),0,2,1,11:42,True,2,{'id': '12'},"[{'athlete': {'id': '2991139'}}, {'athlete': {'id': '3992'}}]",2025-05-02T02:20:45Z,True,"{'x': 23, 'y': 3}",702.0
4017680659,9,"{'id': '92', 'text': 'Jump Shot'}",Jamal Murray misses 25-foot three point jumper,0,2,1,11:21,False,0,{'id': '7'},[{'athlete': {'id': '3936299'}}],2025-05-02T02:21:05Z,True,"{'x': 15, 'y': 24}",681.0
40176806510,10,"{'id': '155', 'text': 'Defensive Rebound'}",Clippers defensive team rebound,0,2,1,11:19,False,0,{'id': '12'},,2025-05-02T02:21:07Z,False,"{'x': 15, 'y': 24}",679.0
40176806512,12,"{'id': '110', 'text': 'Driving Layup Shot'}",Nikola Jokic blocks James Harden 's 4-foot driving layup,0,2,1,11:09,False,0,{'id': '12'},"[{'athlete': {'id': '3992'}}, {'athlete': {'id': '3112335'}}]",2025-05-02T02:21:25Z,True,"{'x': 22, 'y': 2}",669.0
40176806514,14,"{'id': '156', 'text': 'Offensive Rebound'}",Clippers offensive team rebound,0,2,1,11:09,False,0,{'id': '12'},,2025-05-02T02:21:25Z,False,"{'x': 22, 'y': 2}",669.0
40176806516,16,"{'id': '92', 'text': 'Jump Shot'}",Kawhi Leonard misses 27-foot three point jumper,0,2,1,10:55,False,0,{'id': '12'},[{'athlete': {'id': '6450'}}],2025-05-02T02:21:56Z,True,"{'x': 28, 'y': 28}",655.0
40176806517,17,"{'id': '155', 'text': 'Defensive Rebound'}",Jamal Murray defensive rebound,0,2,1,10:53,False,0,{'id': '7'},[{'athlete': {'id': '3936299'}}],2025-05-02T02:21:58Z,False,"{'x': 28, 'y': 28}",653.0
40176806518,18,"{'id': '110', 'text': 'Driving Layup Shot'}",Aaron Gordon makes driving layup (Jamal Murray assists),2,2,1,10:44,True,2,{'id': '7'},"[{'athlete': {'id': '3064290'}}, {'athlete': {'id': '3936299'}}]",2025-05-02T02:22:08Z,True,"{'x': 25, 'y': 2}",644.0
40176806520,20,"{'id': '131', 'text': 'Pullup Jump Shot'}",Norman Powell misses 28-foot three point pullup jump shot,2,2,1,10:26,False,0,{'id': '12'},[{'athlete': {'id': '2595516'}}],2025-05-02T02:22:25Z,True,"{'x': 22, 'y': 29}",626.0
40176806521,21,"{'id': '155', 'text': 'Defensive Rebound'}",Nikola Jokic defensive rebound,2,2,1,10:23,False,0,{'id': '7'},[{'athlete': {'id': '3112335'}}],2025-05-02T02:22:28Z,False,"{'x': 22, 'y': 29}",623.0
40176806522,22,"{'id': '131', 'text': 'Pullup Jump Shot'}",Aaron Gordon misses 22-foot three point pullup jump shot,2,2,1,10:11,False,0,{'id': '7'},[{'athlete': {'id': '3064290'}}],2025-05-02T02:22:41Z,True,"{'x': 3, 'y': 1}",611.0
40176806523,23,"{'id': '155', 'text': 'Defensive Rebound'}",Kawhi Leonard defensive rebound,2,2,1,10:07,False,0,{'id': '12'},[{'athlete': {'id': '6450'}}],2025-05-02T02:22:45Z,False,"{'x': 3, 'y': 1}",607.0
40176806524,24,"{'id': '93', 'text': 'Hook Shot'}",Ivica Zubac makes 9-foot hook shot (Kawhi Leonard assists),2,4,1,10:01,True,2,{'id': '12'},"[{'athlete': {'id': '4017837'}}, {'athlete': {'id': '6450'}}]",2025-05-02T02:22:50Z,True,"{'x': 16, 'y': 4}",601.0
40176806526,26,"{'id': '131', 'text': 'Pullup Jump Shot'}",Jamal Murray makes 20-foot pullup jump shot (Nikola Jokic assists),4,4,1,9:42,True,2,{'id': '7'},"[{'athlete': {'id': '3936299'}}, {'athlete': {'id': '3112335'}}]",2025-05-02T02:23:09Z,True,"{'x': 43, 'y': 10}",582.0
40176806528,28,"{'id': '62', 'text': 'Bad Pass\nTurnover'}",James Harden bad pass (Michael Porter Jr. steals),4,4,1,9:30,False,0,{'id': '12'},"[{'athlete': {'id': '3992'}}, {'athlete': {'id': '4278104'}}]",2025-05-02T02:23:22Z,False,"{'x': 12, 'y': 30}",570.0
40176806530,30,"{'id': '130', 'text': 'Floating Jump Shot'}",Michael Porter Jr. misses 3-foot two point shot,4,4,1,9:23,False,0,{'id': '7'},[{'athlete': {'id': '4278104'}}],2025-05-02T02:23:29Z,True,"{'x': 27, 'y': 3}",563.0
40176806531,31,"{'id': '155', 'text': 'Defensive Rebound'}",James Harden defensive rebound,4,4,1,9:21,False,0,{'id': '12'},[{'athlete': {'id': '3992'}}],2025-05-02T02:23:31Z,False,"{'x': 27, 'y': 3}",561.0
40176806532,32,"{'id': '109', 'text': 'Running Layup Shot'}",Norman Powell makes two point shot (James Harden assists),4,6,1,9:15,True,2,{'id': '12'},"[{'athlete': {'id': '2595516'}}, {'athlete': {'id': '3992'}}]",2025-05-02T02:23:37Z,True,"{'x': 23, 'y': 4}",555.0
40176806534,34,"{'id': '62', 'text': 'Bad Pass\nTurnover'}",Nikola Jokic bad pass (Ivica Zubac steals),4,6,1,8:58,False,0,{'id': '7'},"[{'athlete': {'id': '3112335'}}, {'athlete': {'id': '4017837'}}]",2025-05-02T02:23:54Z,False,"{'x': 35, 'y': 18}",538.0
40176806536,36,"{'id': '109', 'text': 'Running Layup Shot'}",James Harden makes two point shot,4,8,1,8:53,True,2,{'id': '12'},[{'athlete': {'id': '3992'}}],2025-05-02T02:23:59Z,True,"{'x': 25, 'y': 4}",533.0
40176806537,37,"{'id': '141', 'text': 'Cutting Layup Shot'}",Christian Braun makes 1-foot layup (Jamal Murray assists),6,8,1,8:35,True,2,{'id': '7'},"[{'athlete': {'id': '4431767'}}, {'athlete': {'id': '3936299'}}]",2025-05-02T02:24:16Z,True,"{'x': 24, 'y': 2}",515.0
40176806539,39,"{'id': '110', 'text': 'Driving Layup Shot'}",Norman Powell makes driving layup (Kris Dunn assists),6,10,1,8:25,True,2,{'id': '12'},"[{'athlete': {'id': '2595516'}}, {'athlete': {'id': '2991139'}}]",2025-05-02T02:24:27Z,True,"{'x': 23, 'y': 4}",505.0
40176806540,40,"{'id': '9', 'text': 'Defensive Goaltending'}",Michael Porter Jr. defensive goaltending violation,6,10,1,8:25,False,0,{'id': '7'},[{'athlete': {'id': '4278104'}}],2025-05-02T02:24:31Z,False,"{'x': -214748340, 'y': -214748365}",505.0
40176806541,41,"{'id': '120', 'text': 'Turnaround Hook Shot'}",Nikola Jokic misses 10-foot two point shot,6,10,1,8:06,False,0,{'id': '7'},[{'athlete': {'id': '3112335'}}],2025-05-02T02:25:00Z,True,"{'x': 32, 'y': 8}",486.0
40176806542,42,"{'id': '155', 'text': 'Defensive Rebound'}",Ivica Zubac defensive rebound,6,10,1,8:03,False,0,{'id': '12'},[{'athlete': {'id': '4017837'}}],2025-05-02T02:25:03Z,False,"{'x': 32, 'y': 8}",483.0
40176806543,43,"{'id': '92', 'text': 'Jump Shot'}",Norman Powell misses 28-foot three point jumper,6,10,1,7:51,False,0,{'id': '12'},[{'athlete': {'id': '2595516'}}],2025-05-02T02:25:15Z,True,"{'x': 41, 'y': 24}",471.0
40176806544,44,"{'id': '155', 'text': 'Defensive Rebound'}",Christian Braun defensive rebound,6,10,1,7:48,False,0,{'id': '7'},[{'athlete': {'id': '4431767'}}],2025-05-02T02:25:18Z,False,"{'x': 41, 'y': 24}",468.0
40176806545,45,"{'id': '92', 'text': 'Jump Shot'}",Nikola Jokic makes 25-foot three point jumper,9,10,1,7:28,True,3,{'id': '7'},[{'athlete': {'id': '3112335'}}],2025-05-02T02:25:38Z,True,"{'x': 14, 'y': 23}",448.0
40176806546,46,"{'id': '92', 'text': 'Jump Shot'}",Kris Dunn misses 26-foot three point jumper,9,10,1,7:12,False,0,{'id': '12'},[{'athlete': {'id': '2991139'}}],2025-05-02T02:25:54Z,True,"{'x': 11, 'y': 23}",432.0
40176806547,47,"{'id': '155', 'text': 'Defensive Rebound'}",Jamal Murray defensive rebound,9,10,1,7:08,False,0,{'id': '7'},[{'athlete': {'id': '3936299'}}],2025-05-02T02:25:58Z,False,"{'x': 11, 'y': 23}",428.0
40176806548,48,"{'id': '45', 'text': 'Personal Foul'}",Kris Dunn personal foul,9,10,1,6:59,False,0,{'id': '12'},[{'athlete': {'id': '2991139'}}],2025-05-02T02:26:13Z,False,"{'x': 13, 'y': 30}",419.0
40176806550,50,"{'id': '16', 'text': 'Full Timeout'}",Clippers Full timeout,9,10,1,6:59,False,0,{'id': '12'},,2025-05-02T02:26:22Z,False,"{'x': -214748340, 'y': -214748365}",419.0
40176806552,52,"{'id': '92', 'text': 'Jump Shot'}",Jamal Murray makes 21-foot jumper (Christian Braun assists),11,10,1,6:49,True,2,{'id': '7'},"[{'athlete': {'id': '3936299'}}, {'athlete': {'id': '4431767'}}]",2025-05-02T02:30:03Z,True,"{'x': 13, 'y': 18}",409.0
40176806554,54,"{'id': '110', 'text': 'Driving Layup Shot'}",James Harden makes driving layup,11,12,1,6:23,True,2,{'id': '12'},[{'athlete': {'id': '3992'}}],2025-05-02T02:30:29Z,True,"{'x': 24, 'y': 4}",383.0
40176806555,55,"{'id': '139', 'text': 'Hook Driving Bank'}",Nikola Jokic makes 3-foot two point shot,13,12,1,6:02,True,2,{'id': '7'},[{'athlete': {'id': '3112335'}}],2025-05-02T02:30:49Z,True,"{'x': 28, 'y': 3}",362.0
40176806556,56,"{'id': '131', 'text': 'Pullup Jump Shot'}",Kawhi Leonard makes 17-foot pullup jump shot,13,14,1,5:48,True,2,{'id': '12'},[{'athlete': {'id': '6450'}}],2025-05-02T02:31:04Z,True,"{'x': 34, 'y': 15}",348.0
40176806557,57,"{'id': '115', 'text': 'Driving Dunk Shot'}",Aaron Gordon makes 2-foot driving dunk (Nikola Jokic assists),15,14,1,5:31,True,2,{'id': '7'},"[{'athlete': {'id': '3064290'}}, {'athlete': {'id': '3112335'}}]",2025-05-02T02:31:20Z,True,"{'x': 23, 'y': 2}",331.0
40176806559,59,"{'id': '45', 'text': 'Personal Foul'}",Jamal Murray personal foul,15,14,1,5:20,False,0,{'id': '7'},[{'athlete': {'id': '3936299'}}],2025-05-02T02:31:34Z,False,"{'x': 33, 'y': 19}",320.0
40176806561,61,"{'id': '584', 'text': 'Substitution'}",Nicolas Batum enters the game for Kris Dunn,15,14,1,5:20,False,0,{'id': '12'},"[{'athlete': {'id': '3416'}}, {'athlete': {'id': '2991139'}}]",2025-05-02T02:31:45Z,False,"{'x': -214748340, 'y': -214748365}",320.0
40176806563,63,"{'id': '131', 'text': 'Pullup Jump Shot'}",James Harden misses 26-foot three point pullup jump shot,15,14,1,5:10,False,0,{'id': '12'},[{'athlete': {'id': '3992'}}],2025-05-02T02:32:08Z,True,"{'x': 31, 'y': 26}",310.0
40176806564,64,"{'id': '155', 'text': 'Defensive Rebound'}",Jamal Murray defensive rebound,15,14,1,5:08,False,0,{'id': '7'},[{'athlete': {'id': '3936299'}}],2025-05-02T02:32:10Z,False,"{'x': 31, 'y': 26}",308.0
40176806565,65,"{'id': '45', 'text': 'Personal Foul'}",James Harden personal foul,15,14,1,5:05,False,0,{'id': '12'},[{'athlete': {'id': '3992'}}],2025-05-02T02:32:23Z,False,"{'x': 27, 'y': 21}",305.0
40176806567,67,"{'id': '584', 'text': 'Substitution'}",Russell Westbrook enters the game for Michael Porter Jr.,15,14,1,5:05,False,0,{'id': '7'},"[{'athlete': {'id': '3468'}}, {'athlete': {'id': '4278104'}}]",2025-05-02T02:32:32Z,False,"{'x': -214748340, 'y': -214748365}",305.0
40176806569,69,"{'id': '131', 'text': 'Pullup Jump Shot'}",Jamal Murray makes 18-foot pullup jump shot (Nikola Jokic assists),17,14,1,4:56,True,2,{'id': '7'},"[{'athlete': {'id': '3936299'}}, {'athlete': {'id': '3112335'}}]",2025-05-02T02:32:43Z,True,"{'x': 36, 'y': 16}",296.0
40176806571,71,"{'id': '114', 'text': 'Turnaround Jump Shot'}",Jamal Murray blocks Kawhi Leonard 's 12-foot two point shot,17,14,1,4:42,False,0,{'id': '12'},"[{'athlete': {'id': '6450'}}, {'athlete': {'id': '3936299'}}]",2025-05-02T02:32:57Z,True,"{'x': 18, 'y': 11}",282.0
40176806573,73,"{'id': '156', 'text': 'Offensive Rebound'}",Kawhi Leonard offensive rebound,17,14,1,4:38,False,0,{'id': '12'},[{'athlete': {'id': '6450'}}],2025-05-02T02:33:01Z,False,"{'x': 18, 'y': 11}",278.0
40176806574,74,"{'id': '137', 'text': 'Turnaround Fade Away Jump Shot'}",Kawhi Leonard makes 12-foot two point shot,17,16,1,4:38,True,2,{'id': '12'},[{'athlete': {'id': '6450'}}],2025-05-02T02:33:01Z,True,"{'x': 13, 'y': 4}",278.0
40176806576,76,"{'id': '121', 'text': 'Fade Away Jump Shot'}",Jamal Murray misses 20-foot two point shot,17,16,1,4:13,False,0,{'id': '7'},[{'athlete': {'id': '3936299'}}],2025-05-02T02:33:48Z,True,"{'x': 8, 'y': 11}",253.0
40176806577,77,"{'id': '155', 'text': 'Defensive Rebound'}",Norman Powell defensive rebound,17,16,1,4:11,False,0,{'id': '12'},[{'athlete': {'id': '2595516'}}],2025-05-02T02:33:50Z,False,"{'x': 8, 'y': 11}",251.0
40176806578,78,"{'id': '144', 'text': 'Driving Floating Jump Shot'}",Norman Powell makes 5-foot driving floating jump shot,17,18,1,4:01,True,2,{'id': '12'},[{'athlete': {'id': '2595516'}}],2025-05-02T02:34:00Z,True,"{'x': 24, 'y': 5}",241.0
40176806579,79,"{'id': '121', 'text': 'Fade Away Jump Shot'}",Aaron Gordon makes 13-foot two point shot (Russell Westbrook assists),19,18,1,3:43,True,2,{'id': '7'},"[{'athlete': {'id': '3064290'}}, {'athlete': {'id': '3468'}}]",2025-05-02T02:34:18Z,True,"{'x': 26, 'y': 14}",223.0
40176806581,81,"{'id': '92', 'text': 'Jump Shot'}",Norman Powell misses 25-foot three point jumper,19,18,1,3:18,False,0,{'id': '12'},[{'athlete': {'id': '2595516'}}],2025-05-02T02:34:43Z,True,"{'x': 3, 'y': 14}",198.0
40176806582,82,"{'id': '155', 'text': 'Defensive Rebound'}",Russell Westbrook defensive rebound,19,18,1,3:15,False,0,{'id': '7'},[{'athlete': {'id': '3468'}}],2025-05-02T02:34:46Z,False,"{'x': 3, 'y': 14}",195.0
40176806583,83,"{'id': '92', 'text': 'Jump Shot'}",Jamal Murray makes 28-foot three point jumper (Russell Westbrook assists),22,18,1,3:07,True,3,{'id': '7'},"[{'athlete': {'id': '3936299'}}, {'athlete': {'id': '3468'}}]",2025-05-02T02:34:54Z,True,"{'x': 35, 'y': 27}",187.0
40176806585,85,"{'id': '45', 'text': 'Personal Foul'}",Russell Westbrook personal foul,22,18,1,2:54,False,0,{'id': '7'},[{'athlete': {'id': '3468'}}],2025-05-02T02:35:10Z,False,"{'x': 11, 'y': 24}",174.0
40176806587,87,"{'id': '16', 'text': 'Full Timeout'}",Nuggets Full timeout,22,18,1,2:54,False,0,{'id': '7'},,2025-05-02T02:35:19Z,False,"{'x': -214748340, 'y': -214748365}",174.0
40176806588,88,"{'id': '584', 'text': 'Substitution'}",Bogdan Bogdanovic enters the game for Kawhi Leonard,22,18,1,2:54,False,0,{'id': '12'},"[{'athlete': {'id': '3037789'}}, {'athlete': {'id': '6450'}}]",2025-05-02T02:38:49Z,False,"{'x': -214748340, 'y': -214748365}",174.0
40176806589,89,"{'id': '584', 'text': 'Substitution'}",Derrick Jones Jr. enters the game for Norman Powell,22,18,1,2:54,False,0,{'id': '12'},"[{'athlete': {'id': '3936099'}}, {'athlete': {'id': '2595516'}}]",2025-05-02T02:38:49Z,False,"{'x': -214748340, 'y': -214748365}",174.0
40176806592,92,"{'id': '92', 'text': 'Jump Shot'}",Derrick Jones Jr. misses 24-foot three point jumper,22,18,1,2:42,False,0,{'id': '12'},[{'athlete': {'id': '3936099'}}],2025-05-02T02:39:08Z,True,"{'x': 48, 'y': 9}",162.0
40176806593,93,"{'id': '155', 'text': 'Defensive Rebound'}",Nikola Jokic defensive rebound,22,18,1,2:39,False,0,{'id': '7'},[{'athlete': {'id': '3112335'}}],2025-05-02T02:39:11Z,False,"{'x': 48, 'y': 9}",159.0
40176806594,94,"{'id': '137', 'text': 'Turnaround Fade Away Jump Shot'}",Aaron Gordon misses 18-foot two point shot,22,18,1,2:20,False,0,{'id': '7'},[{'athlete': {'id': '3064290'}}],2025-05-02T02:39:31Z,True,"{'x': 36, 'y': 15}",140.0
40176806595,95,"{'id': '155', 'text': 'Defensive Rebound'}",James Harden defensive rebound,22,18,1,2:17,False,0,{'id': '12'},[{'athlete': {'id': '3992'}}],2025-05-02T02:39:34Z,False,"{'x': 36, 'y': 15}",137.0
40176806596,96,"{'id': '95', 'text': 'Layup Shot'}",Ivica Zubac makes layup (James Harden assists),22,20,1,2:08,True,2,{'id': '12'},"[{'athlete': {'id': '4017837'}}, {'athlete': {'id': '3992'}}]",2025-05-02T02:39:42Z,True,"{'x': 25, 'y': 3}",128.0
40176806598,98,"{'id': '92', 'text': 'Jump Shot'}",Christian Braun misses 23-foot three point jumper,22,20,1,1:41,False,0,{'id': '7'},[{'athlete': {'id': '4431767'}}],2025-05-02T02:40:09Z,True,"{'x': 2, 'y': 5}",101.0
40176806599,99,"{'id': '156', 'text': 'Offensive Rebound'}",Aaron Gordon offensive rebound,22,20,1,1:38,False,0,{'id': '7'},[{'athlete': {'id': '3064290'}}],2025-05-02T02:40:12Z,False,"{'x': 2, 'y': 5}",98.0
401768065100,100,"{'id': '94', 'text': 'Tip Shot'}",Aaron Gordon makes tip shot,24,20,1,1:38,True,2,{'id': '7'},[{'athlete': {'id': '3064290'}}],2025-05-02T02:40:12Z,True,"{'x': 25, 'y': 0}",98.0
401768065101,101,"{'id': '62', 'text': 'Bad Pass\nTurnover'}",James Harden bad pass (Nikola Jokic steals),24,20,1,1:28,False,0,{'id': '12'},"[{'athlete': {'id': '3992'}}, {'athlete': {'id': '3112335'}}]",2025-05-02T02:40:22Z,False,"{'x': 32, 'y': 21}",88.0
401768065103,103,"{'id': '109', 'text': 'Running Layup Shot'}",Jamal Murray makes two point shot,26,20,1,1:25,True,2,{'id': '7'},[{'athlete': {'id': '3936299'}}],2025-05-02T02:40:27Z,True,"{'x': 27, 'y': 1}",85.0
401768065104,104,"{'id': '44', 'text': 'Shooting Foul'}",Nicolas Batum shooting foul,26,20,1,1:25,False,0,{'id': '12'},[{'athlete': {'id': '3416'}}],2025-05-02T02:40:30Z,False,"{'x': 26, 'y': 3}",85.0
401768065106,106,"{'id': '584', 'text': 'Substitution'}",Kawhi Leonard enters the game for James Harden,26,20,1,1:25,False,0,{'id': '12'},"[{'athlete': {'id': '6450'}}, {'athlete': {'id': '3992'}}]",2025-05-02T02:40:49Z,False,"{'x': -214748340, 'y': -214748365}",85.0
401768065108,108,"{'id': '584', 'text': 'Substitution'}",Michael Porter Jr. enters the game for Christian Braun,26,20,1,1:25,False,0,{'id': '7'},"[{'athlete': {'id': '4278104'}}, {'athlete': {'id': '4431767'}}]",2025-05-02T02:41:01Z,False,"{'x': -214748340, 'y': -214748365}",85.0
401768065110,110,"{'id': '97', 'text': 'Free Throw - 1 of 1'}",Jamal Murray makes free throw 1 of 1,27,20,1,1:25,True,1,{'id': '7'},[{'athlete': {'id': '3936299'}}],2025-05-02T02:41:17Z,True,"{'x': -214748340, 'y': -214748365}",85.0
401768065116,116,"{'id': '584', 'text': 'Substitution'}",Peyton Watson enters the game for Aaron Gordon,27,20,1,1:25,False,0,{'id': '7'},"[{'athlete': {'id': '4576087'}}, {'athlete': {'id': '3064290'}}]",2025-05-02T02:41:01Z,False,"{'x': -214748340, 'y': -214748365}",85.0
401768065111,111,"{'id': '137', 'text': 'Turnaround Fade Away Jump Shot'}",Kawhi Leonard makes 20-foot two point shot,27,22,1,1:09,True,2,{'id': '12'},[{'athlete': {'id': '6450'}}],2025-05-02T02:41:35Z,True,"{'x': 34, 'y': 19}",69.0
401768065112,112,"{'id': '92', 'text': 'Jump Shot'}",Derrick Jones Jr. blocks Jamal Murray 's 26-foot three point jumper,27,22,1,55.1,False,0,{'id': '7'},"[{'athlete': {'id': '3936299'}}, {'athlete': {'id': '3936099'}}]",2025-05-02T02:41:49Z,True,"{'x': 12, 'y': 23}",55.1
401768065114,114,"{'id': '155', 'text': 'Defensive Rebound'}",Bogdan Bogdanovic defensive rebound,27,22,1,52.1,False,0,{'id': '12'},[{'athlete': {'id': '3037789'}}],2025-05-02T02:41:52Z,False,"{'x': 12, 'y': 23}",52.1
401768065118,118,"{'id': '92', 'text': 'Jump Shot'}",Nicolas Batum makes 25-foot three point jumper (Derrick Jones Jr. assists),27,25,1,35.1,True,3,{'id': '12'},"[{'athlete': {'id': '3416'}}, {'athlete': {'id': '3936099'}}]",2025-05-02T02:42:20Z,True,"{'x': 49, 'y': 10}",35.1
401768065120,120,"{'id': '44', 'text': 'Shooting Foul'}",Bogdan Bogdanovic shooting foul,27,25,1,31.1,False,0,{'id': '12'},[{'athlete': {'id': '3037789'}}],2025-05-02T02:42:32Z,False,"{'x': 24, 'y': 3}",31.1
401768065122,122,"{'id': '98', 'text': 'Free Throw - 1 of 2'}",Russell Westbrook makes free throw 1 of 2,28,25,1,31.1,True,1,{'id': '7'},[{'athlete': {'id': '3468'}}],2025-05-02T02:43:05Z,True,"{'x': -214748340, 'y': -214748365}",31.1
401768065123,123,"{'id': '99', 'text': 'Free Throw - 2 of 2'}",Russell Westbrook misses free throw 2 of 2,28,25,1,31.1,False,0,{'id': '7'},[{'athlete': {'id': '3468'}}],2025-05-02T02:43:05Z,True,"{'x': -214748340, 'y': -214748365}",31.1
401768065124,124,"{'id': '155', 'text': 'Defensive Rebound'}",Kawhi Leonard defensive rebound,28,25,1,29.1,False,0,{'id': '12'},[{'athlete': {'id': '6450'}}],2025-05-02T02:43:06Z,False,"{'x': -214748340, 'y': -214748365}",29.1
401768065125,125,"{'id': '92', 'text': 'Jump Shot'}",Nicolas Batum misses 24-foot three point jumper,28,25,1,7.1,False,0,{'id': '12'},[{'athlete': {'id': '3416'}}],2025-05-02T02:43:49Z,True,"{'x': 1, 'y': 6}",7.1
401768065126,126,"{'id': '156', 'text': 'Offensive Rebound'}",Clippers offensive team rebound,28,25,1,6.1,False,0,{'id': '12'},,2025-05-02T02:43:50Z,False,"{'x': 1, 'y': 6}",6.1
401768065128,128,"{'id': '584', 'text': 'Substitution'}",Aaron Gordon enters the game for Jamal Murray,28,25,1,6.1,False,0,{'id': '7'},"[{'athlete': {'id': '3064290'}}, {'athlete': {'id': '3936299'}}]",2025-05-02T02:44:03Z,False,"{'x': -214748340, 'y': -214748365}",6.1
401768065130,130,"{'id': '584', 'text': 'Substitution'}",Christian Braun enters the game for Michael Porter Jr.,28,25,1,6.1,False,0,{'id': '7'},"[{'athlete': {'id': '4431767'}}, {'athlete': {'id': '4278104'}}]",2025-05-02T02:44:03Z,False,"{'x': -214748340, 'y': -214748365}",6.1
401768065132,132,"{'id': '92', 'text': 'Jump Shot'}",Derrick Jones Jr. misses 26-foot three point jumper,28,25,1,1.1,False,0,{'id': '12'},[{'athlete': {'id': '3936099'}}],2025-05-02T02:44:28Z,True,"{'x': 18, 'y': 26}",1.1
401768065133,133,"{'id': '156', 'text': 'Offensive Rebound'}",Clippers offensive team rebound,28,25,1,0.0,False,0,{'id': '12'},,2025-05-02T02:44:29Z,False,"{'x': 18, 'y': 26}",0.0
401768065134,134,"{'id': '412', 'text': 'End Period'}",End of the 1st Quarter,28,25,1,0.0,False,0,,,2025-05-02T02:44:33Z,False,"{'x': -214748340, 'y': -214748365}",0.0
401768065135,135,"{'id': '584', 'text': 'Substitution'}",James Harden enters the game for Ivica Zubac,28,25,2,12:00,False,0,{'id': '12'},"[{'athlete': {'id': '3992'}}, {'athlete': {'id': '4017837'}}]",2025-05-02T02:46:09Z,False,"{'x': -214748340, 'y': -214748365}",720.0
401768065136,136,"{'id': '584', 'text': 'Substitution'}",Jamal Murray enters the game for Nikola Jokic,28,25,2,12:00,False,0,{'id': '7'},"[{'athlete': {'id': '3936299'}}, {'athlete': {'id': '3112335'}}]",2025-05-02T02:46:09Z,False,"{'x': -214748340, 'y': -214748365}",720.0
401768065137,137,"{'id': '584', 'text': 'Substitution'}",Michael Porter Jr. enters the game for Peyton Watson,28,25,2,12:00,False,0,{'id': '7'},"[{'athlete': {'id': '4278104'}}, {'athlete': {'id': '4576087'}}]",2025-05-02T02:46:09Z,False,"{'x': -214748340, 'y': -214748365}",720.0
401768065138,138,"{'id': '584', 'text': 'Substitution'}",DeAndre Jordan enters the game for Christian Braun,28,25,2,12:00,False,0,{'id': '7'},"[{'athlete': {'id': '3442'}}, {'athlete': {'id': '4431767'}}]",2025-05-02T02:46:09Z,False,"{'x': -214748340, 'y': -214748365}",720.0
401768065144,144,"{'id': '92', 'text': 'Jump Shot'}",Jamal Murray misses 26-foot three point jumper,28,25,2,11:51,False,0,{'id': '7'},[{'athlete': {'id': '3936299'}}],2025-05-02T02:48:17Z,True,"{'x': 38, 'y': 23}",711.0
401768065145,145,"{'id': '155', 'text': 'Defensive Rebound'}",Nicolas Batum defensive rebound,28,25,2,11:47,False,0,{'id': '12'},[{'athlete': {'id': '3416'}}],2025-05-02T02:48:21Z,False,"{'x': 38, 'y': 23}",707.0
401768065146,146,"{'id': '44', 'text': 'Shooting Foul'}",DeAndre Jordan shooting foul,28,25,2,11:40,False,0,{'id': '7'},[{'athlete': {'id': '3442'}}],2025-05-02T02:48:32Z,False,"{'x': 26, 'y': 4}",700.0
401768065148,148,"{'id': '98', 'text': 'Free Throw - 1 of 2'}",James Harden makes free throw 1 of 2,28,26,2,11:40,True,1,{'id': '12'},[{'athlete': {'id': '3992'}}],2025-05-02T02:48:58Z,True,"{'x': -214748340, 'y': -214748365}",700.0
401768065149,149,"{'id': '99', 'text': 'Free Throw - 2 of 2'}",James Harden makes free throw 2 of 2,28,27,2,11:40,True,1,{'id': '12'},[{'athlete': {'id': '3992'}}],2025-05-02T02:49:17Z,True,"{'x': -214748340, 'y': -214748365}",700.0
401768065150,150,"{'id': '42', 'text': 'Offensive Foul'}",DeAndre Jordan offensive foul,28,27,2,11:28,False,0,{'id': '7'},[{'athlete': {'id': '3442'}}],2025-05-02T02:49:34Z,False,"{'x': 26, 'y': 6}",688.0
401768065152,152,"{'id': '84', 'text': 'Offensive Foul Turnover'}",DeAndre Jordan turnover,28,27,2,11:28,False,0,{'id': '7'},[{'athlete': {'id': '3442'}}],2025-05-02T02:49:34Z,False,"{'x': 26, 'y': 6}",688.0
401768065153,153,"{'id': '132', 'text': 'Step Back Jump Shot'}",Kawhi Leonard misses 27-foot three point step back jumpshot,28,27,2,11:12,False,0,{'id': '12'},[{'athlete': {'id': '6450'}}],2025-05-02T02:50:11Z,True,"{'x': 38, 'y': 24}",672.0
401768065154,154,"{'id': '156', 'text': 'Offensive Rebound'}",Bogdan Bogdanovic offensive rebound,28,27,2,11:08,False,0,{'id': '12'},[{'athlete': {'id': '3037789'}}],2025-05-02T02:50:15Z,False,"{'x': 38, 'y': 24}",668.0
401768065155,155,"{'id': '94', 'text': 'Tip Shot'}",Bogdan Bogdanovic makes tip shot,28,29,2,11:08,True,2,{'id': '12'},[{'athlete': {'id': '3037789'}}],2025-05-02T02:50:14Z,True,"{'x': 25, 'y': 0}",668.0
401768065156,156,"{'id': '92', 'text': 'Jump Shot'}",Michael Porter Jr. misses 22-foot three point jumper,28,29,2,10:55,False,0,{'id': '7'},[{'athlete': {'id': '4278104'}}],2025-05-02T02:50:29Z,True,"{'x': 2, 'y': -1}",655.0
401768065157,157,"{'id': '156', 'text': 'Offensive Rebound'}",Nuggets offensive team rebound,28,29,2,10:54,False,0,{'id': '7'},,2025-05-02T02:50:30Z,False,"{'x': 2, 'y': -1}",654.0
401768065158,158,"{'id': '43', 'text': 'Loose Ball Foul'}",James Harden loose ball foul,28,29,2,10:54,False,0,{'id': '12'},[{'athlete': {'id': '3992'}}],2025-05-02T02:50:41Z,False,"{'x': 24, 'y': 1}",654.0
401768065160,160,"{'id': '70', 'text': 'Shot Clock Turnover'}",shot clock turnover ,28,29,2,10:40,False,0,{'id': '7'},,2025-05-02T02:51:09Z,False,"{'x': 50, 'y': 3}",640.0
401768065161,161,"{'id': '92', 'text': 'Jump Shot'}",Derrick Jones Jr. misses 26-foot three point jumper,28,29,2,10:29,False,0,{'id': '12'},[{'athlete': {'id': '3936099'}}],2025-05-02T02:51:27Z,True,"{'x': 38, 'y': 23}",629.0
401768065162,162,"{'id': '155', 'text': 'Defensive Rebound'}",DeAndre Jordan defensive rebound,28,29,2,10:26,False,0,{'id': '7'},[{'athlete': {'id': '3442'}}],2025-05-02T02:51:30Z,False,"{'x': 38, 'y': 23}",626.0
401768065163,163,"{'id': '92', 'text': 'Jump Shot'}",Aaron Gordon makes 11-foot jumper (Jamal Murray assists),30,29,2,10:14,True,2,{'id': '7'},"[{'athlete': {'id': '3064290'}}, {'athlete': {'id': '3936299'}}]",2025-05-02T02:51:42Z,True,"{'x': 20, 'y': 10}",614.0
401768065165,165,"{'id': '92', 'text': 'Jump Shot'}",Derrick Jones Jr. misses 27-foot three point jumper,30,29,2,9:59,False,0,{'id': '12'},[{'athlete': {'id': '3936099'}}],2025-05-02T02:51:57Z,True,"{'x': 37, 'y': 25}",599.0
401768065166,166,"{'id': '155', 'text': 'Defensive Rebound'}",Jamal Murray defensive rebound,30,29,2,9:55,False,0,{'id': '7'},[{'athlete': {'id': '3936299'}}],2025-05-02T02:52:01Z,False,"{'x': 37, 'y': 25}",595.0
401768065167,167,"{'id': '62', 'text': 'Bad Pass\nTurnover'}",Jamal Murray bad pass (Bogdan Bogdanovic steals),30,29,2,9:50,False,0,{'id': '7'},"[{'athlete': {'id': '3936299'}}, {'athlete': {'id': '3037789'}}]",2025-05-02T02:52:06Z,False,"{'x': 48, 'y': 14}",590.0
401768065169,169,"{'id': '109', 'text': 'Running Layup Shot'}",James Harden makes two point shot,30,31,2,9:45,True,2,{'id': '12'},[{'athlete': {'id': '3992'}}],2025-05-02T02:52:11Z,True,"{'x': 24, 'y': 2}",585.0
401768065170,170,"{'id': '45', 'text': 'Personal Foul'}",Nicolas Batum personal foul,30,31,2,9:25,False,0,{'id': '12'},[{'athlete': {'id': '3416'}}],2025-05-02T02:52:35Z,False,"{'x': 42, 'y': 23}",565.0
401768065172,172,"{'id': '584', 'text': 'Substitution'}",Norman Powell enters the game for Derrick Jones Jr.,30,31,2,9:25,False,0,{'id': '12'},"[{'athlete': {'id': '2595516'}}, {'athlete': {'id': '3936099'}}]",2025-05-02T02:52:42Z,False,"{'x': -214748340, 'y': -214748365}",565.0
401768065174,174,"{'id': '87', 'text': 'Out of Bounds - Lost Ball Turnover'}",Aaron Gordon out of bounds lost ball turnover,30,31,2,9:15,False,0,{'id': '7'},[{'athlete': {'id': '3064290'}}],2025-05-02T02:53:11Z,False,"{'x': 19, 'y': -2}",555.0
401768065175,175,"{'id': '110', 'text': 'Driving Layup Shot'}",James Harden makes driving layup,30,33,2,9:03,True,2,{'id': '12'},[{'athlete': {'id': '3992'}}],2025-05-02T02:53:30Z,True,"{'x': 23, 'y': 3}",543.0
401768065176,176,"{'id': '16', 'text': 'Full Timeout'}",Nuggets Full timeout,30,33,2,9:02,False,0,{'id': '7'},,2025-05-02T02:53:37Z,False,"{'x': -214748340, 'y': -214748365}",542.0
401768065177,177,"{'id': '584', 'text': 'Substitution'}",Christian Braun enters the game for DeAndre Jordan,30,33,2,9:02,False,0,{'id': '7'},"[{'athlete': {'id': '4431767'}}, {'athlete': {'id': '3442'}}]",2025-05-02T02:56:46Z,False,"{'x': -214748340, 'y': -214748365}",542.0
401768065178,178,"{'id': '584', 'text': 'Substitution'}",Nikola Jokic enters the game for Jamal Murray,30,33,2,9:02,False,0,{'id': '7'},"[{'athlete': {'id': '3112335'}}, {'athlete': {'id': '3936299'}}]",2025-05-02T02:56:46Z,False,"{'x': -214748340, 'y': -214748365}",542.0
401768065181,181,"{'id': '62', 'text': 'Bad Pass\nTurnover'}",Nikola Jokic bad pass (James Harden steals),30,33,2,8:45,False,0,{'id': '7'},"[{'athlete': {'id': '3112335'}}, {'athlete': {'id': '3992'}}]",2025-05-02T02:57:25Z,False,"{'x': 19, 'y': 1}",525.0
401768065183,183,"{'id': '44', 'text': 'Shooting Foul'}",Nikola Jokic shooting foul,30,33,2,8:42,False,0,{'id': '7'},[{'athlete': {'id': '3112335'}}],2025-05-02T02:57:30Z,False,"{'x': 23, 'y': 3}",522.0
401768065185,185,"{'id': '98', 'text': 'Free Throw - 1 of 2'}",Bogdan Bogdanovic makes free throw 1 of 2,30,34,2,8:42,True,1,{'id': '12'},[{'athlete': {'id': '3037789'}}],2025-05-02T02:58:00Z,True,"{'x': -214748340, 'y': -214748365}",522.0
401768065186,186,"{'id': '99', 'text': 'Free Throw - 2 of 2'}",Bogdan Bogdanovic misses free throw 2 of 2,30,34,2,8:42,False,0,{'id': '12'},[{'athlete': {'id': '3037789'}}],2025-05-02T02:58:00Z,True,"{'x': -214748340, 'y': -214748365}",522.0
401768065187,187,"{'id': '155', 'text': 'Defensive Rebound'}",Nikola Jokic defensive rebound,30,34,2,8:39,False,0,{'id': '7'},[{'athlete': {'id': '3112335'}}],2025-05-02T02:58:03Z,False,"{'x': -214748340, 'y': -214748365}",519.0
401768065188,188,"{'id': '92', 'text': 'Jump Shot'}",Russell Westbrook makes 25-foot three point jumper (Nikola Jokic assists),33,34,2,8:26,True,3,{'id': '7'},"[{'athlete': {'id': '3468'}}, {'athlete': {'id': '3112335'}}]",2025-05-02T02:58:29Z,True,"{'x': 14, 'y': 23}",506.0
401768065190,190,"{'id': '151', 'text': 'Cutting Dunk Shot'}",Kawhi Leonard makes 3-foot dunk (Nicolas Batum assists),33,36,2,8:10,True,2,{'id': '12'},"[{'athlete': {'id': '6450'}}, {'athlete': {'id': '3416'}}]",2025-05-02T02:58:45Z,True,"{'x': 24, 'y': 4}",490.0
401768065192,192,"{'id': '90', 'text': 'Out of Bounds - Bad Pass Turnover'}",Russell Westbrook out of bounds bad pass turnover,33,36,2,7:59,False,0,{'id': '7'},[{'athlete': {'id': '3468'}}],2025-05-02T02:58:57Z,False,"{'x': 31, 'y': 13}",479.0
401768065193,193,"{'id': '128', 'text': 'Driving Finger Roll Layup'}",James Harden makes 4-foot two point shot,33,38,2,7:50,True,2,{'id': '12'},[{'athlete': {'id': '3992'}}],2025-05-02T02:59:08Z,True,"{'x': 23, 'y': 4}",470.0
401768065194,194,"{'id': '92', 'text': 'Jump Shot'}",Aaron Gordon misses 24-foot three point jumper,33,38,2,7:29,False,0,{'id': '7'},[{'athlete': {'id': '3064290'}}],2025-05-02T02:59:29Z,True,"{'x': 49, 'y': 4}",449.0
401768065195,195,"{'id': '155', 'text': 'Defensive Rebound'}",James Harden defensive rebound,33,38,2,7:27,False,0,{'id': '12'},[{'athlete': {'id': '3992'}}],2025-05-02T02:59:31Z,False,"{'x': 49, 'y': 4}",447.0
401768065196,196,"{'id': '45', 'text': 'Personal Foul'}",Aaron Gordon personal foul,33,38,2,7:20,False,0,{'id': '7'},[{'athlete': {'id': '3064290'}}],2025-05-02T02:59:41Z,False,"{'x': 31, 'y': 20}",440.0
401768065198,198,"{'id': '92', 'text': 'Jump Shot'}",Bogdan Bogdanovic misses 27-foot three point jumper,33,38,2,7:14,False,0,{'id': '12'},[{'athlete': {'id': '3037789'}}],2025-05-02T03:00:00Z,True,"{'x': 7, 'y': 20}",434.0
401768065199,199,"{'id': '155', 'text': 'Defensive Rebound'}",Russell Westbrook defensive rebound,33,38,2,7:10,False,0,{'id': '7'},[{'athlete': {'id': '3468'}}],2025-05-02T03:00:04Z,False,"{'x': 7, 'y': 20}",430.0
401768065200,200,"{'id': '120', 'text': 'Turnaround Hook Shot'}",Nikola Jokic makes 5-foot two point shot (Russell Westbrook assists),35,38,2,6:58,True,2,{'id': '7'},"[{'athlete': {'id': '3112335'}}, {'athlete': {'id': '3468'}}]",2025-05-02T03:00:14Z,True,"{'x': 27, 'y': 5}",418.0
401768065202,202,"{'id': '44', 'text': 'Shooting Foul'}",Nikola Jokic shooting foul,35,38,2,6:53,False,0,{'id': '7'},[{'athlete': {'id': '3112335'}}],2025-05-02T03:00:22Z,False,"{'x': 23, 'y': 4}",413.0
401768065204,204,"{'id': '98', 'text': 'Free Throw - 1 of 2'}",Norman Powell makes free throw 1 of 2,35,39,2,6:53,True,1,{'id': '12'},[{'athlete': {'id': '2595516'}}],2025-05-02T03:00:56Z,True,"{'x': -214748340, 'y': -214748365}",413.0
401768065205,205,"{'id': '99', 'text': 'Free Throw - 2 of 2'}",Norman Powell makes free throw 2 of 2,35,40,2,6:53,True,1,{'id': '12'},[{'athlete': {'id': '2595516'}}],2025-05-02T03:01:17Z,True,"{'x': -214748340, 'y': -214748365}",413.0
401768065206,206,"{'id': '141', 'text': 'Cutting Layup Shot'}",Nicolas Batum blocks Nikola Jokic 's 3-foot layup,35,40,2,6:46,False,0,{'id': '7'},"[{'athlete': {'id': '3112335'}}, {'athlete': {'id': '3416'}}]",2025-05-02T03:01:27Z,True,"{'x': 26, 'y': 3}",406.0
401768065208,208,"{'id': '155', 'text': 'Defensive Rebound'}",Kawhi Leonard defensive rebound,35,40,2,6:42,False,0,{'id': '12'},[{'athlete': {'id': '6450'}}],2025-05-02T03:01:31Z,False,"{'x': 26, 'y': 3}",402.0
401768065210,210,"{'id': '90', 'text': 'Out of Bounds - Bad Pass Turnover'}",Kawhi Leonard out of bounds bad pass turnover,35,40,2,6:42,False,0,{'id': '12'},[{'athlete': {'id': '6450'}}],2025-05-02T03:01:33Z,False,"{'x': 26, 'y': 4}",402.0
401768065211,211,"{'id': '63', 'text': 'Lost Ball Turnover'}",Nikola Jokic lost ball turnover (Nicolas Batum steals),35,40,2,6:27,False,0,{'id': '7'},"[{'athlete': {'id': '3112335'}}, {'athlete': {'id': '3416'}}]",2025-05-02T03:01:51Z,False,"{'x': 35, 'y': 10}",387.0
401768065213,213,"{'id': '109', 'text': 'Running Layup Shot'}",Bogdan Bogdanovic misses two point shot,35,40,2,6:20,False,0,{'id': '12'},[{'athlete': {'id': '3037789'}}],2025-05-02T03:01:58Z,True,"{'x': 25, 'y': 4}",380.0
401768065214,214,"{'id': '156', 'text': 'Offensive Rebound'}",Clippers offensive team rebound,35,40,2,6:19,False,0,{'id': '12'},,2025-05-02T03:01:59Z,False,"{'x': 25, 'y': 4}",379.0
401768065216,216,"{'id': '44', 'text': 'Shooting Foul'}",Christian Braun shooting foul,35,40,2,6:14,False,0,{'id': '7'},[{'athlete': {'id': '4431767'}}],2025-05-02T03:02:27Z,False,"{'x': 1, 'y': 4}",374.0
401768065218,218,"{'id': '100', 'text': 'Free Throw - 1 of 3'}",James Harden makes free throw 1 of 3,35,41,2,6:14,True,1,{'id': '12'},[{'athlete': {'id': '3992'}}],2025-05-02T03:02:53Z,True,"{'x': -214748340, 'y': -214748365}",374.0
401768065219,219,"{'id': '101', 'text': 'Free Throw - 2 of 3'}",James Harden makes free throw 2 of 3,35,42,2,6:14,True,1,{'id': '12'},[{'athlete': {'id': '3992'}}],2025-05-02T03:03:12Z,True,"{'x': -214748340, 'y': -214748365}",374.0
401768065220,220,"{'id': '584', 'text': 'Substitution'}",Jamal Murray enters the game for Michael Porter Jr.,35,42,2,6:14,False,0,{'id': '7'},"[{'athlete': {'id': '3936299'}}, {'athlete': {'id': '4278104'}}]",2025-05-02T03:03:21Z,False,"{'x': -214748340, 'y': -214748365}",374.0
401768065222,222,"{'id': '102', 'text': 'Free Throw - 3 of 3'}",James Harden makes free throw 3 of 3,35,43,2,6:14,True,1,{'id': '12'},[{'athlete': {'id': '3992'}}],2025-05-02T03:03:37Z,True,"{'x': -214748340, 'y': -214748365}",374.0
401768065223,223,"{'id': '110', 'text': 'Driving Layup Shot'}",Nikola Jokic makes driving layup (Russell Westbrook assists),37,43,2,6:01,True,2,{'id': '7'},"[{'athlete': {'id': '3112335'}}, {'athlete': {'id': '3468'}}]",2025-05-02T03:03:51Z,True,"{'x': 26, 'y': 1}",361.0
401768065225,225,"{'id': '132', 'text': 'Step Back Jump Shot'}",Kawhi Leonard misses 8-foot step back jumpshot,37,43,2,5:40,False,0,{'id': '12'},[{'athlete': {'id': '6450'}}],2025-05-02T03:04:12Z,True,"{'x': 29, 'y': 8}",340.0
401768065226,226,"{'id': '155', 'text': 'Defensive Rebound'}",Jamal Murray defensive rebound,37,43,2,5:38,False,0,{'id': '7'},[{'athlete': {'id': '3936299'}}],2025-05-02T03:04:14Z,False,"{'x': 29, 'y': 8}",338.0
401768065227,227,"{'id': '120', 'text': 'Turnaround Hook Shot'}",Nikola Jokic makes 6-foot two point shot,39,43,2,5:28,True,2,{'id': '7'},[{'athlete': {'id': '3112335'}}],2025-05-02T03:04:25Z,True,"{'x': 30, 'y': 4}",328.0
401768065228,228,"{'id': '132', 'text': 'Step Back Jump Shot'}",James Harden makes 27-foot three point step back jumpshot,39,46,2,5:14,True,3,{'id': '12'},[{'athlete': {'id': '3992'}}],2025-05-02T03:04:42Z,True,"{'x': 34, 'y': 26}",314.0
401768065229,229,"{'id': '16', 'text': 'Full Timeout'}",Nuggets Full timeout,39,46,2,5:14,False,0,{'id': '7'},,2025-05-02T03:05:10Z,False,"{'x': -214748340, 'y': -214748365}",314.0
401768065230,230,"{'id': '584', 'text': 'Substitution'}",Kris Dunn enters the game for Kawhi Leonard,39,46,2,5:14,False,0,{'id': '12'},"[{'athlete': {'id': '2991139'}}, {'athlete': {'id': '6450'}}]",2025-05-02T03:07:39Z,False,"{'x': -214748340, 'y': -214748365}",314.0
401768065231,231,"{'id': '584', 'text': 'Substitution'}",Ivica Zubac enters the game for Nicolas Batum,39,46,2,5:14,False,0,{'id': '12'},"[{'athlete': {'id': '4017837'}}, {'athlete': {'id': '3416'}}]",2025-05-02T03:07:39Z,False,"{'x': -214748340, 'y': -214748365}",314.0
401768065234,234,"{'id': '44', 'text': 'Shooting Foul'}",Ivica Zubac shooting foul,39,46,2,5:05,False,0,{'id': '12'},[{'athlete': {'id': '4017837'}}],2025-05-02T03:08:31Z,False,"{'x': 27, 'y': 2}",305.0
401768065236,236,"{'id': '98', 'text': 'Free Throw - 1 of 2'}",Nikola Jokic misses free throw 1 of 2,39,46,2,5:05,False,0,{'id': '7'},[{'athlete': {'id': '3112335'}}],2025-05-02T03:08:54Z,True,"{'x': -214748340, 'y': -214748365}",305.0
401768065237,237,"{'id': '156', 'text': 'Offensive Rebound'}",Nuggets offensive team rebound,39,46,2,5:05,False,0,{'id': '7'},,2025-05-02T03:08:54Z,False,"{'x': -214748340, 'y': -214748365}",305.0
401768065238,238,"{'id': '99', 'text': 'Free Throw - 2 of 2'}",Nikola Jokic makes free throw 2 of 2,40,46,2,5:05,True,1,{'id': '7'},[{'athlete': {'id': '3112335'}}],2025-05-02T03:09:06Z,True,"{'x': -214748340, 'y': -214748365}",305.0
401768065239,239,"{'id': '62', 'text': 'Bad Pass\nTurnover'}",Ivica Zubac bad pass (Nikola Jokic steals),40,46,2,4:53,False,0,{'id': '12'},"[{'athlete': {'id': '4017837'}}, {'athlete': {'id': '3112335'}}]",2025-05-02T03:09:21Z,False,"{'x': 35, 'y': 30}",293.0
401768065241,241,"{'id': '113', 'text': 'Running Jump Shot'}",Russell Westbrook makes 24-foot three point shot (Aaron Gordon assists),43,46,2,4:49,True,3,{'id': '7'},"[{'athlete': {'id': '3468'}}, {'athlete': {'id': '3064290'}}]",2025-05-02T03:09:26Z,True,"{'x': 6, 'y': 16}",289.0
401768065243,243,"{'id': '92', 'text': 'Jump Shot'}",Kris Dunn misses 27-foot three point jumper,43,46,2,4:30,False,0,{'id': '12'},[{'athlete': {'id': '2991139'}}],2025-05-02T03:09:44Z,True,"{'x': 49, 'y': 14}",270.0
401768065244,244,"{'id': '155', 'text': 'Defensive Rebound'}",Russell Westbrook defensive rebound,43,46,2,4:28,False,0,{'id': '7'},[{'athlete': {'id': '3468'}}],2025-05-02T03:09:46Z,False,"{'x': 49, 'y': 14}",268.0
401768065245,245,"{'id': '130', 'text': 'Floating Jump Shot'}",Nikola Jokic makes 5-foot two point shot (Jamal Murray assists),45,46,2,4:22,True,2,{'id': '7'},"[{'athlete': {'id': '3112335'}}, {'athlete': {'id': '3936299'}}]",2025-05-02T03:09:53Z,True,"{'x': 27, 'y': 6}",262.0
401768065247,247,"{'id': '120', 'text': 'Turnaround Hook Shot'}",Ivica Zubac makes 8-foot two point shot (Norman Powell assists),45,48,2,4:01,True,2,{'id': '12'},"[{'athlete': {'id': '4017837'}}, {'athlete': {'id': '2595516'}}]",2025-05-02T03:10:14Z,True,"{'x': 23, 'y': 9}",241.0
401768065249,249,"{'id': '62', 'text': 'Bad Pass\nTurnover'}",Russell Westbrook bad pass (Norman Powell steals),45,48,2,3:48,False,0,{'id': '7'},"[{'athlete': {'id': '3468'}}, {'athlete': {'id': '2595516'}}]",2025-05-02T03:10:27Z,False,"{'x': 26, 'y': 14}",228.0
401768065251,251,"{'id': '131', 'text': 'Pullup Jump Shot'}",Kris Dunn misses 24-foot three point pullup jump shot,45,48,2,3:31,False,0,{'id': '12'},[{'athlete': {'id': '2991139'}}],2025-05-02T03:10:43Z,True,"{'x': 1, 'y': 5}",211.0
401768065252,252,"{'id': '156', 'text': 'Offensive Rebound'}",Bogdan Bogdanovic offensive rebound,45,48,2,3:29,False,0,{'id': '12'},[{'athlete': {'id': '3037789'}}],2025-05-02T03:10:45Z,False,"{'x': 1, 'y': 5}",209.0
401768065253,253,"{'id': '125', 'text': 'Layup Shot Putback'}",Bogdan Bogdanovic misses two point shot,45,48,2,3:28,False,0,{'id': '12'},[{'athlete': {'id': '3037789'}}],2025-05-02T03:10:47Z,True,"{'x': 24, 'y': 2}",208.0
401768065254,254,"{'id': '155', 'text': 'Defensive Rebound'}",Nikola Jokic defensive rebound,45,48,2,3:28,False,0,{'id': '7'},[{'athlete': {'id': '3112335'}}],2025-05-02T03:10:47Z,False,"{'x': 24, 'y': 2}",208.0
401768065255,255,"{'id': '92', 'text': 'Jump Shot'}",Nikola Jokic misses 13-foot jumper,45,48,2,3:11,False,0,{'id': '7'},[{'athlete': {'id': '3112335'}}],2025-05-02T03:11:04Z,True,"{'x': 17, 'y': 11}",191.0
401768065256,256,"{'id': '155', 'text': 'Defensive Rebound'}",Ivica Zubac defensive rebound,45,48,2,3:09,False,0,{'id': '12'},[{'athlete': {'id': '4017837'}}],2025-05-02T03:11:06Z,False,"{'x': 17, 'y': 11}",189.0
401768065257,257,"{'id': '132', 'text': 'Step Back Jump Shot'}",James Harden makes 28-foot three point step back jumpshot,45,51,2,2:52,True,3,{'id': '12'},[{'athlete': {'id': '3992'}}],2025-05-02T03:11:23Z,True,"{'x': 38, 'y': 25}",172.0
401768065258,258,"{'id': '110', 'text': 'Driving Layup Shot'}",Russell Westbrook makes driving layup,47,51,2,2:27,True,2,{'id': '7'},[{'athlete': {'id': '3468'}}],2025-05-02T03:11:49Z,True,"{'x': 24, 'y': 3}",147.0
401768065259,259,"{'id': '44', 'text': 'Shooting Foul'}",Ivica Zubac shooting foul,47,51,2,2:27,False,0,{'id': '12'},[{'athlete': {'id': '4017837'}}],2025-05-02T03:11:52Z,False,"{'x': 24, 'y': 3}",147.0
401768065261,261,"{'id': '584', 'text': 'Substitution'}",Kawhi Leonard enters the game for Bogdan Bogdanovic,47,51,2,2:27,False,0,{'id': '12'},"[{'athlete': {'id': '6450'}}, {'athlete': {'id': '3037789'}}]",2025-05-02T03:11:59Z,False,"{'x': -214748340, 'y': -214748365}",147.0
401768065262,262,"{'id': '584', 'text': 'Substitution'}",Peyton Watson enters the game for Aaron Gordon,47,51,2,2:27,False,0,{'id': '7'},"[{'athlete': {'id': '4576087'}}, {'athlete': {'id': '3064290'}}]",2025-05-02T03:11:59Z,False,"{'x': -214748340, 'y': -214748365}",147.0
401768065265,265,"{'id': '97', 'text': 'Free Throw - 1 of 1'}",Russell Westbrook makes free throw 1 of 1,48,51,2,2:27,True,1,{'id': '7'},[{'athlete': {'id': '3468'}}],2025-05-02T03:12:25Z,True,"{'x': -214748340, 'y': -214748365}",147.0
401768065266,266,"{'id': '93', 'text': 'Hook Shot'}",Kawhi Leonard makes 6-foot hook shot (Kris Dunn assists),48,53,2,2:06,True,2,{'id': '12'},"[{'athlete': {'id': '6450'}}, {'athlete': {'id': '2991139'}}]",2025-05-02T03:12:47Z,True,"{'x': 23, 'y': 6}",126.0
401768065268,268,"{'id': '144', 'text': 'Driving Floating Jump Shot'}",Nikola Jokic makes 4-foot driving floating jump shot,50,53,2,1:57,True,2,{'id': '7'},[{'athlete': {'id': '3112335'}}],2025-05-02T03:12:56Z,True,"{'x': 28, 'y': 3}",117.0
401768065269,269,"{'id': '92', 'text': 'Jump Shot'}",Kawhi Leonard misses 25-foot three point jumper,50,53,2,1:41,False,0,{'id': '12'},[{'athlete': {'id': '6450'}}],2025-05-02T03:13:12Z,True,"{'x': 40, 'y': 21}",101.0
401768065270,270,"{'id': '155', 'text': 'Defensive Rebound'}",Nuggets defensive team rebound,50,53,2,1:40,False,0,{'id': '7'},,2025-05-02T03:13:13Z,False,"{'x': 40, 'y': 21}",100.0
401768065272,272,"{'id': '584', 'text': 'Substitution'}",Nicolas Batum enters the game for Kris Dunn,50,53,2,1:40,False,0,{'id': '12'},"[{'athlete': {'id': '3416'}}, {'athlete': {'id': '2991139'}}]",2025-05-02T03:13:18Z,False,"{'x': -214748340, 'y': -214748365}",100.0
401768065274,274,"{'id': '131', 'text': 'Pullup Jump Shot'}",Jamal Murray misses 19-foot pullup jump shot,50,53,2,1:17,False,0,{'id': '7'},[{'athlete': {'id': '3936299'}}],2025-05-02T03:13:51Z,True,"{'x': 35, 'y': 17}",77.0
401768065275,275,"{'id': '156', 'text': 'Offensive Rebound'}",Nikola Jokic offensive rebound,50,53,2,1:16,False,0,{'id': '7'},[{'athlete': {'id': '3112335'}}],2025-05-02T03:13:53Z,False,"{'x': 35, 'y': 17}",76.0
401768065276,276,"{'id': '125', 'text': 'Layup Shot Putback'}",Nikola Jokic makes two point shot,52,53,2,1:15,True,2,{'id': '7'},[{'athlete': {'id': '3112335'}}],2025-05-02T03:13:54Z,True,"{'x': 26, 'y': 2}",75.0
401768065277,277,"{'id': '92', 'text': 'Jump Shot'}",Kawhi Leonard makes 28-foot three point jumper (James Harden assists),52,56,2,59.1,True,3,{'id': '12'},"[{'athlete': {'id': '6450'}}, {'athlete': {'id': '3992'}}]",2025-05-02T03:14:10Z,True,"{'x': 43, 'y': 23}",59.1
401768065279,279,"{'id': '92', 'text': 'Jump Shot'}",Peyton Watson makes 23-foot three point jumper (Jamal Murray assists),55,56,2,40.2,True,3,{'id': '7'},"[{'athlete': {'id': '4576087'}}, {'athlete': {'id': '3936299'}}]",2025-05-02T03:14:35Z,True,"{'x': 2, 'y': -2}",40.2
401768065281,281,"{'id': '131', 'text': 'Pullup Jump Shot'}",Kawhi Leonard misses 26-foot three point pullup jump shot,55,56,2,33.1,False,0,{'id': '12'},[{'athlete': {'id': '6450'}}],2025-05-02T03:14:47Z,True,"{'x': 40, 'y': 23}",33.1
401768065282,282,"{'id': '155', 'text': 'Defensive Rebound'}",Jamal Murray defensive rebound,55,56,2,31.1,False,0,{'id': '7'},[{'athlete': {'id': '3936299'}}],2025-05-02T03:14:49Z,False,"{'x': 40, 'y': 23}",31.1
401768065283,283,"{'id': '141', 'text': 'Cutting Layup Shot'}",Nikola Jokic makes 2-foot layup (Jamal Murray assists),57,56,2,24.1,True,2,{'id': '7'},"[{'athlete': {'id': '3112335'}}, {'athlete': {'id': '3936299'}}]",2025-05-02T03:14:57Z,True,"{'x': 26, 'y': 2}",24.1
401768065285,285,"{'id': '132', 'text': 'Step Back Jump Shot'}",James Harden misses 32-foot three point step back jumpshot,57,56,2,4.1,False,0,{'id': '12'},[{'athlete': {'id': '3992'}}],2025-05-02T03:15:20Z,True,"{'x': 16, 'y': 32}",4.1
401768065286,286,"{'id': '156', 'text': 'Offensive Rebound'}",Ivica Zubac offensive rebound,57,56,2,2.1,False,0,{'id': '12'},[{'athlete': {'id': '4017837'}}],2025-05-02T03:15:23Z,False,"{'x': 16, 'y': 32}",2.1
401768065287,287,"{'id': '94', 'text': 'Tip Shot'}",Ivica Zubac makes tip shot,57,58,2,2.1,True,2,{'id': '12'},[{'athlete': {'id': '4017837'}}],2025-05-02T03:15:25Z,True,"{'x': 25, 'y': 0}",2.1
401768065288,288,"{'id': '92', 'text': 'Jump Shot'}",Nikola Jokic misses 70-foot three point jumper,57,58,2,0.2,False,0,{'id': '7'},[{'athlete': {'id': '3112335'}}],2025-05-02T03:15:32Z,True,"{'x': 27, 'y': 70}",0.2
401768065289,289,"{'id': '156', 'text': 'Offensive Rebound'}",Nuggets offensive team rebound,57,58,2,0.0,False,0,{'id': '7'},,2025-05-02T03:15:33Z,False,"{'x': 24, 'y': 14}",0.0
401768065290,290,"{'id': '412', 'text': 'End Period'}",End of the 2nd Quarter,57,58,2,0.0,False,0,,,2025-05-02T03:15:37Z,False,"{'x': -214748340, 'y': -214748365}",0.0
401768065291,291,"{'id': '584', 'text': 'Substitution'}",Aaron Gordon enters the game for Russell Westbrook,57,58,3,12:00,False,0,{'id': '7'},"[{'athlete': {'id': '3064290'}}, {'athlete': {'id': '3468'}}]",2025-05-02T03:32:05Z,False,"{'x': -214748340, 'y': -214748365}",720.0
401768065292,292,"{'id': '584', 'text': 'Substitution'}",Michael Porter Jr. enters the game for Peyton Watson,57,58,3,12:00,False,0,{'id': '7'},"[{'athlete': {'id': '4278104'}}, {'athlete': {'id': '4576087'}}]",2025-05-02T03:32:05Z,False,"{'x': -214748340, 'y': -214748365}",720.0
401768065296,296,"{'id': '110', 'text': 'Driving Layup Shot'}",Christian Braun makes driving layup,59,58,3,11:47,True,2,{'id': '7'},[{'athlete': {'id': '4431767'}}],2025-05-02T03:32:55Z,True,"{'x': 29, 'y': 1}",707.0
401768065297,297,"{'id': '45', 'text': 'Personal Foul'}",Nikola Jokic personal foul,59,58,3,11:30,False,0,{'id': '7'},[{'athlete': {'id': '3112335'}}],2025-05-02T03:33:15Z,False,"{'x': 14, 'y': 10}",690.0
401768065299,299,"{'id': '92', 'text': 'Jump Shot'}",Nicolas Batum makes 26-foot three point jumper (James Harden assists),59,61,3,11:22,True,3,{'id': '12'},"[{'athlete': {'id': '3416'}}, {'athlete': {'id': '3992'}}]",2025-05-02T03:33:42Z,True,"{'x': 49, 'y': 12}",682.0
401768065301,301,"{'id': '92', 'text': 'Jump Shot'}",Christian Braun misses 28-foot three point jumper,59,61,3,10:58,False,0,{'id': '7'},[{'athlete': {'id': '4431767'}}],2025-05-02T03:34:06Z,True,"{'x': 25, 'y': 28}",658.0
401768065302,302,"{'id': '155', 'text': 'Defensive Rebound'}",Ivica Zubac defensive rebound,59,61,3,10:53,False,0,{'id': '12'},[{'athlete': {'id': '4017837'}}],2025-05-02T03:34:11Z,False,"{'x': 25, 'y': 28}",653.0
401768065303,303,"{'id': '144', 'text': 'Driving Floating Jump Shot'}",Norman Powell makes 4-foot driving floating jump shot (Kawhi Leonard assists),59,63,3,10:43,True,2,{'id': '12'},"[{'athlete': {'id': '2595516'}}, {'athlete': {'id': '6450'}}]",2025-05-02T03:34:21Z,True,"{'x': 28, 'y': 4}",643.0
401768065305,305,"{'id': '132', 'text': 'Step Back Jump Shot'}",Aaron Gordon misses 26-foot three point step back jumpshot,59,63,3,10:19,False,0,{'id': '7'},[{'athlete': {'id': '3064290'}}],2025-05-02T03:34:44Z,True,"{'x': 36, 'y': 24}",619.0
401768065306,306,"{'id': '155', 'text': 'Defensive Rebound'}",Ivica Zubac defensive rebound,59,63,3,10:16,False,0,{'id': '12'},[{'athlete': {'id': '4017837'}}],2025-05-02T03:34:47Z,False,"{'x': 36, 'y': 24}",616.0
401768065307,307,"{'id': '131', 'text': 'Pullup Jump Shot'}",Kawhi Leonard makes 25-foot three pointer (James Harden assists),59,66,3,10:10,True,3,{'id': '12'},"[{'athlete': {'id': '6450'}}, {'athlete': {'id': '3992'}}]",2025-05-02T03:34:54Z,True,"{'x': 45, 'y': 16}",610.0
401768065309,309,"{'id': '16', 'text': 'Full Timeout'}",Nuggets Full timeout,59,66,3,10:09,False,0,{'id': '7'},,2025-05-02T03:35:04Z,False,"{'x': -214748340, 'y': -214748365}",609.0
401768065310,310,"{'id': '92', 'text': 'Jump Shot'}",Michael Porter Jr. makes 24-foot three point jumper (Nikola Jokic assists),62,66,3,9:49,True,3,{'id': '7'},"[{'athlete': {'id': '4278104'}}, {'athlete': {'id': '3112335'}}]",2025-05-02T03:38:52Z,True,"{'x': 1, 'y': 4}",589.0
401768065312,312,"{'id': '131', 'text': 'Pullup Jump Shot'}",Kawhi Leonard misses 26-foot three point pullup jump shot,62,66,3,9:22,False,0,{'id': '12'},[{'athlete': {'id': '6450'}}],2025-05-02T03:39:19Z,True,"{'x': 41, 'y': 21}",562.0
401768065313,313,"{'id': '155', 'text': 'Defensive Rebound'}",Christian Braun defensive rebound,62,66,3,9:18,False,0,{'id': '7'},[{'athlete': {'id': '4431767'}}],2025-05-02T03:39:23Z,False,"{'x': 41, 'y': 21}",558.0
401768065314,314,"{'id': '95', 'text': 'Layup Shot'}",Nikola Jokic misses layup,62,66,3,8:59,False,0,{'id': '7'},[{'athlete': {'id': '3112335'}}],2025-05-02T03:39:41Z,True,"{'x': 28, 'y': 2}",539.0
401768065316,316,"{'id': '155', 'text': 'Defensive Rebound'}",Nicolas Batum defensive rebound,62,66,3,8:56,False,0,{'id': '12'},[{'athlete': {'id': '3416'}}],2025-05-02T03:39:44Z,False,"{'x': 28, 'y': 2}",536.0
401768065317,317,"{'id': '44', 'text': 'Shooting Foul'}",Christian Braun shooting foul,62,66,3,8:55,False,0,{'id': '7'},[{'athlete': {'id': '4431767'}}],2025-05-02T03:39:49Z,False,"{'x': 25, 'y': 3}",535.0
401768065319,319,"{'id': '98', 'text': 'Free Throw - 1 of 2'}",Kawhi Leonard makes free throw 1 of 2,62,67,3,8:55,True,1,{'id': '12'},[{'athlete': {'id': '6450'}}],2025-05-02T03:40:24Z,True,"{'x': -214748340, 'y': -214748365}",535.0
401768065320,320,"{'id': '99', 'text': 'Free Throw - 2 of 2'}",Kawhi Leonard makes free throw 2 of 2,62,68,3,8:55,True,1,{'id': '12'},[{'athlete': {'id': '6450'}}],2025-05-02T03:40:24Z,True,"{'x': -214748340, 'y': -214748365}",535.0
401768065321,321,"{'id': '92', 'text': 'Jump Shot'}",Christian Braun makes 20-foot jumper (Jamal Murray assists),64,68,3,8:30,True,2,{'id': '7'},"[{'athlete': {'id': '4431767'}}, {'athlete': {'id': '3936299'}}]",2025-05-02T03:41:10Z,True,"{'x': 5, 'y': 4}",510.0
401768065323,323,"{'id': '131', 'text': 'Pullup Jump Shot'}",Norman Powell misses 25-foot three point pullup jump shot,64,68,3,8:23,False,0,{'id': '12'},[{'athlete': {'id': '2595516'}}],2025-05-02T03:41:17Z,True,"{'x': 8, 'y': 19}",503.0
401768065324,324,"{'id': '155', 'text': 'Defensive Rebound'}",Michael Porter Jr. defensive rebound,64,68,3,8:21,False,0,{'id': '7'},[{'athlete': {'id': '4278104'}}],2025-05-02T03:41:19Z,False,"{'x': 8, 'y': 19}",501.0
401768065325,325,"{'id': '131', 'text': 'Pullup Jump Shot'}",Jamal Murray makes 16-foot pullup jump shot,66,68,3,8:11,True,2,{'id': '7'},[{'athlete': {'id': '3936299'}}],2025-05-02T03:41:30Z,True,"{'x': 28, 'y': 16}",491.0
401768065326,326,"{'id': '95', 'text': 'Layup Shot'}",Michael Porter Jr. blocks Ivica Zubac 's 2-foot layup,66,68,3,7:56,False,0,{'id': '12'},"[{'athlete': {'id': '4017837'}}, {'athlete': {'id': '4278104'}}]",2025-05-02T03:41:44Z,True,"{'x': 24, 'y': 2}",476.0
401768065328,328,"{'id': '155', 'text': 'Defensive Rebound'}",Michael Porter Jr. defensive rebound,66,68,3,7:53,False,0,{'id': '7'},[{'athlete': {'id': '4278104'}}],2025-05-02T03:41:47Z,False,"{'x': 24, 'y': 2}",473.0
401768065329,329,"{'id': '128', 'text': 'Driving Finger Roll Layup'}",Michael Porter Jr. misses two point shot,66,68,3,7:38,False,0,{'id': '7'},[{'athlete': {'id': '4278104'}}],2025-05-02T03:42:02Z,True,"{'x': 26, 'y': 3}",458.0
401768065330,330,"{'id': '155', 'text': 'Defensive Rebound'}",Nicolas Batum defensive rebound,66,68,3,7:37,False,0,{'id': '12'},[{'athlete': {'id': '3416'}}],2025-05-02T03:42:03Z,False,"{'x': 26, 'y': 3}",457.0
401768065331,331,"{'id': '109', 'text': 'Running Layup Shot'}",James Harden misses two point shot,66,68,3,7:32,False,0,{'id': '12'},[{'athlete': {'id': '3992'}}],2025-05-02T03:42:08Z,True,"{'x': 24, 'y': 4}",452.0
401768065332,332,"{'id': '156', 'text': 'Offensive Rebound'}",Kawhi Leonard offensive rebound,66,68,3,7:29,False,0,{'id': '12'},[{'athlete': {'id': '6450'}}],2025-05-02T03:42:11Z,False,"{'x': 24, 'y': 4}",449.0
401768065333,333,"{'id': '110', 'text': 'Driving Layup Shot'}",Norman Powell makes driving layup (Kawhi Leonard assists),66,70,3,7:25,True,2,{'id': '12'},"[{'athlete': {'id': '2595516'}}, {'athlete': {'id': '6450'}}]",2025-05-02T03:42:15Z,True,"{'x': 27, 'y': 1}",445.0
401768065334,334,"{'id': '63', 'text': 'Lost Ball Turnover'}",Nikola Jokic lost ball turnover (James Harden steals),66,70,3,7:00,False,0,{'id': '7'},"[{'athlete': {'id': '3112335'}}, {'athlete': {'id': '3992'}}]",2025-05-02T03:42:40Z,False,"{'x': 24, 'y': 10}",420.0
401768065336,336,"{'id': '120', 'text': 'Turnaround Hook Shot'}",Kawhi Leonard makes 4-foot two point shot,66,72,3,6:47,True,2,{'id': '12'},[{'athlete': {'id': '6450'}}],2025-05-02T03:42:53Z,True,"{'x': 25, 'y': 5}",407.0
401768065337,337,"{'id': '110', 'text': 'Driving Layup Shot'}",Ivica Zubac blocks Nikola Jokic 's 5-foot driving layup,66,72,3,6:19,False,0,{'id': '7'},"[{'athlete': {'id': '3112335'}}, {'athlete': {'id': '4017837'}}]",2025-05-02T03:43:21Z,True,"{'x': 22, 'y': 5}",379.0
401768065339,339,"{'id': '155', 'text': 'Defensive Rebound'}",Kawhi Leonard defensive rebound,66,72,3,6:15,False,0,{'id': '12'},[{'athlete': {'id': '6450'}}],2025-05-02T03:43:25Z,False,"{'x': 22, 'y': 5}",375.0
401768065340,340,"{'id': '116', 'text': 'Running Dunk Shot'}",Norman Powell makes dunk (Kawhi Leonard assists),66,74,3,6:13,True,2,{'id': '12'},"[{'athlete': {'id': '2595516'}}, {'athlete': {'id': '6450'}}]",2025-05-02T03:43:27Z,True,"{'x': 26, 'y': 0}",373.0
401768065342,342,"{'id': '45', 'text': 'Personal Foul'}",Nicolas Batum personal foul,66,74,3,5:53,False,0,{'id': '12'},[{'athlete': {'id': '3416'}}],2025-05-02T03:43:53Z,False,"{'x': 16, 'y': 28}",353.0
401768065344,344,"{'id': '16', 'text': 'Full Timeout'}",Clippers Full timeout,66,74,3,5:53,False,0,{'id': '12'},,2025-05-02T03:44:08Z,False,"{'x': -214748340, 'y': -214748365}",353.0
401768065346,346,"{'id': '584', 'text': 'Substitution'}",Russell Westbrook enters the game for Michael Porter Jr.,66,74,3,5:53,False,0,{'id': '7'},"[{'athlete': {'id': '3468'}}, {'athlete': {'id': '4278104'}}]",2025-05-02T03:47:28Z,False,"{'x': -214748340, 'y': -214748365}",353.0
401768065348,348,"{'id': '70', 'text': 'Shot Clock Turnover'}",shot clock turnover ,66,74,3,5:39,False,0,{'id': '7'},,2025-05-02T03:48:03Z,False,"{'x': 41, 'y': 21}",339.0
401768065349,349,"{'id': '121', 'text': 'Fade Away Jump Shot'}",Kawhi Leonard misses 13-foot two point shot,66,74,3,5:19,False,0,{'id': '12'},[{'athlete': {'id': '6450'}}],2025-05-02T03:48:34Z,True,"{'x': 38, 'y': 1}",319.0
401768065350,350,"{'id': '156', 'text': 'Offensive Rebound'}",Kawhi Leonard offensive rebound,66,74,3,5:16,False,0,{'id': '12'},[{'athlete': {'id': '6450'}}],2025-05-02T03:48:37Z,False,"{'x': 38, 'y': 1}",316.0
401768065351,351,"{'id': '138', 'text': 'Putback Dunk Shot'}",Kawhi Leonard makes 2-foot dunk,66,76,3,5:15,True,2,{'id': '12'},[{'athlete': {'id': '6450'}}],2025-05-02T03:48:39Z,True,"{'x': 26, 'y': 2}",315.0
401768065352,352,"{'id': '132', 'text': 'Step Back Jump Shot'}",Jamal Murray misses 21-foot step back jumpshot,66,76,3,5:00,False,0,{'id': '7'},[{'athlete': {'id': '3936299'}}],2025-05-02T03:48:54Z,True,"{'x': 13, 'y': 18}",300.0
401768065353,353,"{'id': '155', 'text': 'Defensive Rebound'}",Kawhi Leonard defensive rebound,66,76,3,4:57,False,0,{'id': '12'},[{'athlete': {'id': '6450'}}],2025-05-02T03:48:57Z,False,"{'x': 13, 'y': 18}",297.0
401768065354,354,"{'id': '110', 'text': 'Driving Layup Shot'}",James Harden makes driving layup,66,78,3,4:45,True,2,{'id': '12'},[{'athlete': {'id': '3992'}}],2025-05-02T03:49:09Z,True,"{'x': 25, 'y': 3}",285.0
401768065355,355,"{'id': '63', 'text': 'Lost Ball Turnover'}",Aaron Gordon lost ball turnover (Norman Powell steals),66,78,3,4:30,False,0,{'id': '7'},"[{'athlete': {'id': '3064290'}}, {'athlete': {'id': '2595516'}}]",2025-05-02T03:49:24Z,False,"{'x': 35, 'y': 15}",270.0
401768065357,357,"{'id': '45', 'text': 'Personal Foul'}",Russell Westbrook personal foul,66,78,3,4:17,False,0,{'id': '7'},[{'athlete': {'id': '3468'}}],2025-05-02T03:49:42Z,False,"{'x': 23, 'y': 3}",257.0
401768065359,359,"{'id': '584', 'text': 'Substitution'}",Derrick Jones Jr. enters the game for Kawhi Leonard,66,78,3,4:17,False,0,{'id': '12'},"[{'athlete': {'id': '3936099'}}, {'athlete': {'id': '6450'}}]",2025-05-02T03:50:09Z,False,"{'x': -214748340, 'y': -214748365}",257.0
401768065361,361,"{'id': '131', 'text': 'Pullup Jump Shot'}",Nicolas Batum misses 27-foot three point pullup jump shot,66,78,3,4:02,False,0,{'id': '12'},[{'athlete': {'id': '3416'}}],2025-05-02T03:50:45Z,True,"{'x': 40, 'y': 23}",242.0
401768065362,362,"{'id': '156', 'text': 'Offensive Rebound'}",Ivica Zubac offensive rebound,66,78,3,3:58,False,0,{'id': '12'},[{'athlete': {'id': '4017837'}}],2025-05-02T03:50:50Z,False,"{'x': 40, 'y': 23}",238.0
401768065363,363,"{'id': '110', 'text': 'Driving Layup Shot'}",Norman Powell makes driving layup (Nicolas Batum assists),66,80,3,3:56,True,2,{'id': '12'},"[{'athlete': {'id': '2595516'}}, {'athlete': {'id': '3416'}}]",2025-05-02T03:50:51Z,True,"{'x': 24, 'y': 1}",236.0
401768065365,365,"{'id': '16', 'text': 'Full Timeout'}",Nuggets Full timeout,66,80,3,3:56,False,0,{'id': '7'},,2025-05-02T03:51:01Z,False,"{'x': -214748340, 'y': -214748365}",236.0
401768065366,366,"{'id': '92', 'text': 'Jump Shot'}",Nikola Jokic misses 26-foot three point jumper,66,80,3,3:41,False,0,{'id': '7'},[{'athlete': {'id': '3112335'}}],2025-05-02T03:52:42Z,True,"{'x': 21, 'y': 26}",221.0
401768065367,367,"{'id': '156', 'text': 'Offensive Rebound'}",Nuggets offensive team rebound,66,80,3,3:40,False,0,{'id': '7'},,2025-05-02T03:52:46Z,False,"{'x': 21, 'y': 26}",220.0
401768065369,369,"{'id': '92', 'text': 'Jump Shot'}",Christian Braun makes 24-foot three point jumper (Nikola Jokic assists),69,80,3,3:28,True,3,{'id': '7'},"[{'athlete': {'id': '4431767'}}, {'athlete': {'id': '3112335'}}]",2025-05-02T03:53:07Z,True,"{'x': 3, 'y': 11}",208.0
401768065371,371,"{'id': '110', 'text': 'Driving Layup Shot'}",Derrick Jones Jr. makes driving layup (James Harden assists),69,82,3,3:09,True,2,{'id': '12'},"[{'athlete': {'id': '3936099'}}, {'athlete': {'id': '3992'}}]",2025-05-02T03:53:25Z,True,"{'x': 24, 'y': 2}",189.0
401768065373,373,"{'id': '110', 'text': 'Driving Layup Shot'}",James Harden blocks Nikola Jokic 's 8-foot driving layup,69,82,3,2:50,False,0,{'id': '7'},"[{'athlete': {'id': '3112335'}}, {'athlete': {'id': '3992'}}]",2025-05-02T03:53:45Z,True,"{'x': 24, 'y': 9}",170.0
401768065375,375,"{'id': '155', 'text': 'Defensive Rebound'}",Norman Powell defensive rebound,69,82,3,2:47,False,0,{'id': '12'},[{'athlete': {'id': '2595516'}}],2025-05-02T03:53:48Z,False,"{'x': 24, 'y': 9}",167.0
401768065376,376,"{'id': '62', 'text': 'Bad Pass\nTurnover'}",Norman Powell bad pass (Aaron Gordon steals),69,82,3,2:43,False,0,{'id': '12'},"[{'athlete': {'id': '2595516'}}, {'athlete': {'id': '3064290'}}]",2025-05-02T03:53:51Z,False,"{'x': 27, 'y': 1}",163.0
401768065378,378,"{'id': '116', 'text': 'Running Dunk Shot'}",Aaron Gordon makes 3-foot dunk (Jamal Murray assists),71,82,3,2:37,True,2,{'id': '7'},"[{'athlete': {'id': '3064290'}}, {'athlete': {'id': '3936299'}}]",2025-05-02T03:53:57Z,True,"{'x': 26, 'y': 3}",157.0
401768065380,380,"{'id': '92', 'text': 'Jump Shot'}",Norman Powell makes 23-foot three point jumper (Nicolas Batum assists),71,85,3,2:11,True,3,{'id': '12'},"[{'athlete': {'id': '2595516'}}, {'athlete': {'id': '3416'}}]",2025-05-02T03:54:23Z,True,"{'x': 49, 'y': 1}",131.0
401768065382,382,"{'id': '141', 'text': 'Cutting Layup Shot'}",Aaron Gordon makes 3-foot layup (Nikola Jokic assists),73,85,3,1:44,True,2,{'id': '7'},"[{'athlete': {'id': '3064290'}}, {'athlete': {'id': '3112335'}}]",2025-05-02T03:54:50Z,True,"{'x': 24, 'y': 4}",104.0
401768065384,384,"{'id': '92', 'text': 'Jump Shot'}",Derrick Jones Jr. makes 24-foot three point jumper (Nicolas Batum assists),73,88,3,1:26,True,3,{'id': '12'},"[{'athlete': {'id': '3936099'}}, {'athlete': {'id': '3416'}}]",2025-05-02T03:55:08Z,True,"{'x': 49, 'y': 5}",86.0
401768065386,386,"{'id': '131', 'text': 'Pullup Jump Shot'}",Christian Braun makes 27-foot three pointer,76,88,3,1:11,True,3,{'id': '7'},[{'athlete': {'id': '4431767'}}],2025-05-02T03:55:22Z,True,"{'x': 40, 'y': 23}",71.0
401768065387,387,"{'id': '130', 'text': 'Floating Jump Shot'}",Ivica Zubac makes 12-foot two point shot (James Harden assists),76,90,3,53.1,True,2,{'id': '12'},"[{'athlete': {'id': '4017837'}}, {'athlete': {'id': '3992'}}]",2025-05-02T03:55:43Z,True,"{'x': 24, 'y': 13}",53.1
401768065389,389,"{'id': '92', 'text': 'Jump Shot'}",Nikola Jokic makes 25-foot three point jumper,79,90,3,39.0,True,3,{'id': '7'},[{'athlete': {'id': '3112335'}}],2025-05-02T03:56:04Z,True,"{'x': 31, 'y': 25}",39.0
401768065390,390,"{'id': '131', 'text': 'Pullup Jump Shot'}",James Harden misses 26-foot three point pullup jump shot,79,90,3,31.1,False,0,{'id': '12'},[{'athlete': {'id': '3992'}}],2025-05-02T03:56:19Z,True,"{'x': 22, 'y': 27}",31.1
401768065391,391,"{'id': '155', 'text': 'Defensive Rebound'}",Russell Westbrook defensive rebound,79,90,3,28.1,False,0,{'id': '7'},[{'athlete': {'id': '3468'}}],2025-05-02T03:56:22Z,False,"{'x': 22, 'y': 27}",28.1
401768065392,392,"{'id': '45', 'text': 'Personal Foul'}",Derrick Jones Jr. personal foul,79,90,3,15.1,False,0,{'id': '12'},[{'athlete': {'id': '3936099'}}],2025-05-02T03:56:38Z,False,"{'x': 14, 'y': 23}",15.1
401768065394,394,"{'id': '584', 'text': 'Substitution'}",Michael Porter Jr. enters the game for Russell Westbrook,79,90,3,15.1,False,0,{'id': '7'},"[{'athlete': {'id': '4278104'}}, {'athlete': {'id': '3468'}}]",2025-05-02T03:56:46Z,False,"{'x': -214748340, 'y': -214748365}",15.1
401768065396,396,"{'id': '144', 'text': 'Driving Floating Jump Shot'}",Derrick Jones Jr. blocks Jamal Murray 's 9-foot driving floating jump shot,79,90,3,3.0,False,0,{'id': '7'},"[{'athlete': {'id': '3936299'}}, {'athlete': {'id': '3936099'}}]",2025-05-02T03:57:15Z,True,"{'x': 27, 'y': 9}",3.0
401768065398,398,"{'id': '155', 'text': 'Defensive Rebound'}",Norman Powell defensive rebound,79,90,3,2.1,False,0,{'id': '12'},[{'athlete': {'id': '2595516'}}],2025-05-02T03:57:15Z,False,"{'x': 27, 'y': 9}",2.1
401768065400,400,"{'id': '92', 'text': 'Jump Shot'}",James Harden misses 66-foot three point jumper,79,90,3,1.0,False,0,{'id': '12'},[{'athlete': {'id': '3992'}}],2025-05-02T03:57:24Z,True,"{'x': 29, 'y': 66}",1.0
401768065401,401,"{'id': '156', 'text': 'Offensive Rebound'}",Clippers offensive team rebound,79,90,3,0.0,False,0,{'id': '12'},,2025-05-02T03:57:25Z,False,"{'x': 22, 'y': 18}",0.0
401768065402,402,"{'id': '412', 'text': 'End Period'}",End of the 3rd Quarter,79,90,3,0.0,False,0,,,2025-05-02T03:57:35Z,False,"{'x': -214748340, 'y': -214748365}",0.0
401768065403,403,"{'id': '584', 'text': 'Substitution'}",Kawhi Leonard enters the game for Nicolas Batum,79,90,4,12:00,False,0,{'id': '12'},"[{'athlete': {'id': '6450'}}, {'athlete': {'id': '3416'}}]",2025-05-02T04:00:34Z,False,"{'x': -214748340, 'y': -214748365}",720.0
401768065404,404,"{'id': '584', 'text': 'Substitution'}",Bogdan Bogdanovic enters the game for Ivica Zubac,79,90,4,12:00,False,0,{'id': '12'},"[{'athlete': {'id': '3037789'}}, {'athlete': {'id': '4017837'}}]",2025-05-02T04:00:34Z,False,"{'x': -214748340, 'y': -214748365}",720.0
401768065405,405,"{'id': '584', 'text': 'Substitution'}",Peyton Watson enters the game for Christian Braun,79,90,4,12:00,False,0,{'id': '7'},"[{'athlete': {'id': '4576087'}}, {'athlete': {'id': '4431767'}}]",2025-05-02T04:00:34Z,False,"{'x': -214748340, 'y': -214748365}",720.0
401768065406,406,"{'id': '584', 'text': 'Substitution'}",Russell Westbrook enters the game for Nikola Jokic,79,90,4,12:00,False,0,{'id': '7'},"[{'athlete': {'id': '3468'}}, {'athlete': {'id': '3112335'}}]",2025-05-02T04:00:34Z,False,"{'x': -214748340, 'y': -214748365}",720.0
401768065412,412,"{'id': '62', 'text': 'Bad Pass\nTurnover'}",James Harden bad pass (Michael Porter Jr. steals),79,90,4,11:46,False,0,{'id': '12'},"[{'athlete': {'id': '3992'}}, {'athlete': {'id': '4278104'}}]",2025-05-02T04:01:13Z,False,"{'x': 31, 'y': 31}",706.0
401768065414,414,"{'id': '116', 'text': 'Running Dunk Shot'}",Russell Westbrook misses dunk,79,90,4,11:42,False,0,{'id': '7'},[{'athlete': {'id': '3468'}}],2025-05-02T04:01:16Z,True,"{'x': 26, 'y': 3}",702.0
401768065415,415,"{'id': '156', 'text': 'Offensive Rebound'}",Peyton Watson offensive rebound,79,90,4,11:39,False,0,{'id': '7'},[{'athlete': {'id': '4576087'}}],2025-05-02T04:01:19Z,False,"{'x': 26, 'y': 3}",699.0
401768065416,416,"{'id': '125', 'text': 'Layup Shot Putback'}",Peyton Watson makes two point shot,81,90,4,11:38,True,2,{'id': '7'},[{'athlete': {'id': '4576087'}}],2025-05-02T04:01:20Z,True,"{'x': 24, 'y': 2}",698.0
401768065417,417,"{'id': '131', 'text': 'Pullup Jump Shot'}",Kawhi Leonard makes 14-foot pullup jump shot,81,92,4,11:25,True,2,{'id': '12'},[{'athlete': {'id': '6450'}}],2025-05-02T04:01:32Z,True,"{'x': 26, 'y': 15}",685.0
401768065418,418,"{'id': '141', 'text': 'Cutting Layup Shot'}",Michael Porter Jr. makes 4-foot layup (Russell Westbrook assists),83,92,4,11:10,True,2,{'id': '7'},"[{'athlete': {'id': '4278104'}}, {'athlete': {'id': '3468'}}]",2025-05-02T04:01:50Z,True,"{'x': 24, 'y': 4}",670.0
401768065420,420,"{'id': '44', 'text': 'Shooting Foul'}",Derrick Jones Jr. shooting foul,83,92,4,11:10,False,0,{'id': '12'},[{'athlete': {'id': '3936099'}}],2025-05-02T04:01:53Z,False,"{'x': 23, 'y': 4}",670.0
401768065422,422,"{'id': '97', 'text': 'Free Throw - 1 of 1'}",Michael Porter Jr. misses free throw 1 of 1,83,92,4,11:10,False,0,{'id': '7'},[{'athlete': {'id': '4278104'}}],2025-05-02T04:02:20Z,True,"{'x': -214748340, 'y': -214748365}",670.0
401768065423,423,"{'id': '155', 'text': 'Defensive Rebound'}",Derrick Jones Jr. defensive rebound,83,92,4,11:07,False,0,{'id': '12'},[{'athlete': {'id': '3936099'}}],2025-05-02T04:02:23Z,False,"{'x': -214748340, 'y': -214748365}",667.0
401768065424,424,"{'id': '141', 'text': 'Cutting Layup Shot'}",Derrick Jones Jr. misses layup,83,92,4,10:56,False,0,{'id': '12'},[{'athlete': {'id': '3936099'}}],2025-05-02T04:02:32Z,True,"{'x': 24, 'y': 3}",656.0
401768065425,425,"{'id': '155', 'text': 'Defensive Rebound'}",Michael Porter Jr. defensive rebound,83,92,4,10:54,False,0,{'id': '7'},[{'athlete': {'id': '4278104'}}],2025-05-02T04:02:34Z,False,"{'x': 24, 'y': 3}",654.0
401768065426,426,"{'id': '131', 'text': 'Pullup Jump Shot'}",Jamal Murray misses 18-foot pullup jump shot,83,92,4,10:36,False,0,{'id': '7'},[{'athlete': {'id': '3936299'}}],2025-05-02T04:02:52Z,True,"{'x': 35, 'y': 16}",636.0
401768065427,427,"{'id': '155', 'text': 'Defensive Rebound'}",James Harden defensive rebound,83,92,4,10:35,False,0,{'id': '12'},[{'athlete': {'id': '3992'}}],2025-05-02T04:02:53Z,False,"{'x': 35, 'y': 16}",635.0
401768065428,428,"{'id': '110', 'text': 'Driving Layup Shot'}",James Harden misses driving layup,83,92,4,10:26,False,0,{'id': '12'},[{'athlete': {'id': '3992'}}],2025-05-02T04:03:02Z,True,"{'x': 27, 'y': 2}",626.0
401768065429,429,"{'id': '156', 'text': 'Offensive Rebound'}",James Harden offensive rebound,83,92,4,10:22,False,0,{'id': '12'},[{'athlete': {'id': '3992'}}],2025-05-02T04:03:06Z,False,"{'x': 27, 'y': 2}",622.0
401768065430,430,"{'id': '94', 'text': 'Tip Shot'}",James Harden makes tip shot,83,94,4,10:22,True,2,{'id': '12'},[{'athlete': {'id': '3992'}}],2025-05-02T04:03:06Z,True,"{'x': 25, 'y': 0}",622.0
401768065431,431,"{'id': '45', 'text': 'Personal Foul'}",Bogdan Bogdanovic personal foul,83,94,4,10:15,False,0,{'id': '12'},[{'athlete': {'id': '3037789'}}],2025-05-02T04:03:24Z,False,"{'x': 13, 'y': 20}",615.0
401768065433,433,"{'id': '62', 'text': 'Bad Pass\nTurnover'}",Jamal Murray bad pass (Derrick Jones Jr. steals),83,94,4,10:04,False,0,{'id': '7'},"[{'athlete': {'id': '3936299'}}, {'athlete': {'id': '3936099'}}]",2025-05-02T04:03:46Z,False,"{'x': 23, 'y': 9}",604.0
401768065435,435,"{'id': '92', 'text': 'Jump Shot'}",Derrick Jones Jr. makes 25-foot three point jumper (Kawhi Leonard assists),83,97,4,9:44,True,3,{'id': '12'},"[{'athlete': {'id': '3936099'}}, {'athlete': {'id': '6450'}}]",2025-05-02T04:04:06Z,True,"{'x': 50, 'y': 3}",584.0
401768065437,437,"{'id': '110', 'text': 'Driving Layup Shot'}",Jamal Murray makes driving layup,85,97,4,9:25,True,2,{'id': '7'},[{'athlete': {'id': '3936299'}}],2025-05-02T04:04:24Z,True,"{'x': 26, 'y': 4}",565.0
401768065438,438,"{'id': '131', 'text': 'Pullup Jump Shot'}",Kawhi Leonard makes 18-foot pullup jump shot,85,99,4,9:08,True,2,{'id': '12'},[{'athlete': {'id': '6450'}}],2025-05-02T04:04:42Z,True,"{'x': 14, 'y': 15}",548.0
401768065439,439,"{'id': '132', 'text': 'Step Back Jump Shot'}",Jamal Murray makes 27-foot three point step back jumpshot,88,99,4,8:55,True,3,{'id': '7'},[{'athlete': {'id': '3936299'}}],2025-05-02T04:04:54Z,True,"{'x': 29, 'y': 27}",535.0
401768065440,440,"{'id': '110', 'text': 'Driving Layup Shot'}",Peyton Watson blocks Kawhi Leonard 's 4-foot driving layup,88,99,4,8:38,False,0,{'id': '12'},"[{'athlete': {'id': '6450'}}, {'athlete': {'id': '4576087'}}]",2025-05-02T04:05:11Z,True,"{'x': 22, 'y': 3}",518.0
401768065442,442,"{'id': '155', 'text': 'Defensive Rebound'}",Jamal Murray defensive rebound,88,99,4,8:36,False,0,{'id': '7'},[{'athlete': {'id': '3936299'}}],2025-05-02T04:05:13Z,False,"{'x': 22, 'y': 3}",516.0
401768065443,443,"{'id': '45', 'text': 'Personal Foul'}",Bogdan Bogdanovic personal foul,88,99,4,8:36,False,0,{'id': '12'},[{'athlete': {'id': '3037789'}}],2025-05-02T04:05:19Z,False,"{'x': 22, 'y': 5}",516.0
401768065445,445,"{'id': '584', 'text': 'Substitution'}",Nicolas Batum enters the game for Norman Powell,88,99,4,8:36,False,0,{'id': '12'},"[{'athlete': {'id': '3416'}}, {'athlete': {'id': '2595516'}}]",2025-05-02T04:05:32Z,False,"{'x': -214748340, 'y': -214748365}",516.0
401768065446,446,"{'id': '584', 'text': 'Substitution'}",Christian Braun enters the game for Jamal Murray,88,99,4,8:36,False,0,{'id': '7'},"[{'athlete': {'id': '4431767'}}, {'athlete': {'id': '3936299'}}]",2025-05-02T04:05:32Z,False,"{'x': -214748340, 'y': -214748365}",516.0
401768065447,447,"{'id': '584', 'text': 'Substitution'}",Nikola Jokic enters the game for Aaron Gordon,88,99,4,8:36,False,0,{'id': '7'},"[{'athlete': {'id': '3112335'}}, {'athlete': {'id': '3064290'}}]",2025-05-02T04:05:32Z,False,"{'x': -214748340, 'y': -214748365}",516.0
401768065451,451,"{'id': '92', 'text': 'Jump Shot'}",Russell Westbrook misses 25-foot three point jumper,88,99,4,8:15,False,0,{'id': '7'},[{'athlete': {'id': '3468'}}],2025-05-02T04:06:19Z,True,"{'x': 47, 'y': 13}",495.0
401768065452,452,"{'id': '155', 'text': 'Defensive Rebound'}",Clippers defensive team rebound,88,99,4,8:15,False,0,{'id': '12'},,2025-05-02T04:06:19Z,False,"{'x': 47, 'y': 13}",495.0
401768065454,454,"{'id': '131', 'text': 'Pullup Jump Shot'}",James Harden makes 26-foot three pointer,88,102,4,7:59,True,3,{'id': '12'},[{'athlete': {'id': '3992'}}],2025-05-02T04:06:43Z,True,"{'x': 45, 'y': 19}",479.0
401768065455,455,"{'id': '16', 'text': 'Full Timeout'}",Nuggets Full timeout,88,102,4,7:58,False,0,{'id': '7'},,2025-05-02T04:06:54Z,False,"{'x': -214748340, 'y': -214748365}",478.0
401768065456,456,"{'id': '584', 'text': 'Substitution'}",Jamal Murray enters the game for Michael Porter Jr.,88,102,4,7:58,False,0,{'id': '7'},"[{'athlete': {'id': '3936299'}}, {'athlete': {'id': '4278104'}}]",2025-05-02T04:09:54Z,False,"{'x': -214748340, 'y': -214748365}",478.0
401768065458,458,"{'id': '62', 'text': 'Bad Pass\nTurnover'}",Jamal Murray bad pass (Nicolas Batum steals),88,102,4,7:46,False,0,{'id': '7'},"[{'athlete': {'id': '3936299'}}, {'athlete': {'id': '3416'}}]",2025-05-02T04:10:40Z,False,"{'x': 6, 'y': 23}",466.0
401768065460,460,"{'id': '92', 'text': 'Jump Shot'}",Bogdan Bogdanovic misses 24-foot three point jumper,88,102,4,7:30,False,0,{'id': '12'},[{'athlete': {'id': '3037789'}}],2025-05-02T04:10:57Z,True,"{'x': 49, 'y': 5}",450.0
401768065461,461,"{'id': '155', 'text': 'Defensive Rebound'}",Russell Westbrook defensive rebound,88,102,4,7:27,False,0,{'id': '7'},[{'athlete': {'id': '3468'}}],2025-05-02T04:11:00Z,False,"{'x': 49, 'y': 5}",447.0
401768065462,462,"{'id': '45', 'text': 'Personal Foul'}",Bogdan Bogdanovic personal foul,88,102,4,7:15,False,0,{'id': '12'},[{'athlete': {'id': '3037789'}}],2025-05-02T04:11:16Z,False,"{'x': 9, 'y': 16}",435.0
401768065464,464,"{'id': '121', 'text': 'Fade Away Jump Shot'}",Peyton Watson misses 18-foot two point shot,88,102,4,7:03,False,0,{'id': '7'},[{'athlete': {'id': '4576087'}}],2025-05-02T04:11:42Z,True,"{'x': 14, 'y': 15}",423.0
401768065465,465,"{'id': '155', 'text': 'Defensive Rebound'}",Nicolas Batum defensive rebound,88,102,4,7:00,False,0,{'id': '12'},[{'athlete': {'id': '3416'}}],2025-05-02T04:11:45Z,False,"{'x': 14, 'y': 15}",420.0
401768065466,466,"{'id': '132', 'text': 'Step Back Jump Shot'}",Jamal Murray blocks James Harden 's 28-foot three point step back jumpshot,88,102,4,6:40,False,0,{'id': '12'},"[{'athlete': {'id': '3992'}}, {'athlete': {'id': '3936299'}}]",2025-05-02T04:12:05Z,True,"{'x': 48, 'y': 17}",400.0
401768065468,468,"{'id': '156', 'text': 'Offensive Rebound'}",Kawhi Leonard offensive rebound,88,102,4,6:37,False,0,{'id': '12'},[{'athlete': {'id': '6450'}}],2025-05-02T04:12:08Z,False,"{'x': 48, 'y': 17}",397.0
401768065469,469,"{'id': '131', 'text': 'Pullup Jump Shot'}",Kawhi Leonard misses 24-foot three point pullup jump shot,88,102,4,6:36,False,0,{'id': '12'},[{'athlete': {'id': '6450'}}],2025-05-02T04:12:09Z,True,"{'x': 47, 'y': 12}",396.0
401768065470,470,"{'id': '155', 'text': 'Defensive Rebound'}",Russell Westbrook defensive rebound,88,102,4,6:33,False,0,{'id': '7'},[{'athlete': {'id': '3468'}}],2025-05-02T04:12:12Z,False,"{'x': 47, 'y': 12}",393.0
401768065473,473,"{'id': '109', 'text': 'Running Layup Shot'}",Peyton Watson misses two point shot,88,102,4,6:30,False,0,{'id': '7'},[{'athlete': {'id': '4576087'}}],2025-05-02T04:12:14Z,True,"{'x': 25, 'y': 4}",390.0
401768065474,474,"{'id': '156', 'text': 'Offensive Rebound'}",Russell Westbrook offensive rebound,88,102,4,6:28,False,0,{'id': '7'},[{'athlete': {'id': '3468'}}],2025-05-02T04:12:17Z,False,"{'x': 25, 'y': 4}",388.0
401768065475,475,"{'id': '110', 'text': 'Driving Layup Shot'}",Russell Westbrook makes driving layup,90,102,4,6:26,True,2,{'id': '7'},[{'athlete': {'id': '3468'}}],2025-05-02T04:12:19Z,True,"{'x': 24, 'y': 4}",386.0
401768065476,476,"{'id': '92', 'text': 'Jump Shot'}",Bogdan Bogdanovic makes 27-foot three point jumper (Nicolas Batum assists),90,105,4,5:57,True,3,{'id': '12'},"[{'athlete': {'id': '3037789'}}, {'athlete': {'id': '3416'}}]",2025-05-02T04:12:50Z,True,"{'x': 40, 'y': 24}",357.0
401768065478,478,"{'id': '131', 'text': 'Pullup Jump Shot'}",Jamal Murray misses 15-foot pullup jump shot,90,105,4,5:47,False,0,{'id': '7'},[{'athlete': {'id': '3936299'}}],2025-05-02T04:12:58Z,True,"{'x': 28, 'y': 16}",347.0
401768065479,479,"{'id': '156', 'text': 'Offensive Rebound'}",Peyton Watson offensive rebound,90,105,4,5:42,False,0,{'id': '7'},[{'athlete': {'id': '4576087'}}],2025-05-02T04:13:03Z,False,"{'x': 28, 'y': 16}",342.0
401768065480,480,"{'id': '138', 'text': 'Putback Dunk Shot'}",Peyton Watson makes 1-foot dunk,92,105,4,5:41,True,2,{'id': '7'},[{'athlete': {'id': '4576087'}}],2025-05-02T04:13:05Z,True,"{'x': 25, 'y': 1}",341.0
401768065481,481,"{'id': '121', 'text': 'Fade Away Jump Shot'}",Kawhi Leonard misses 16-foot two point shot,92,105,4,5:12,False,0,{'id': '12'},[{'athlete': {'id': '6450'}}],2025-05-02T04:13:33Z,True,"{'x': 41, 'y': -1}",312.0
401768065482,482,"{'id': '155', 'text': 'Defensive Rebound'}",Nuggets defensive team rebound,92,105,4,5:12,False,0,{'id': '7'},,2025-05-02T04:13:33Z,False,"{'x': 41, 'y': -1}",312.0
401768065484,484,"{'id': '584', 'text': 'Substitution'}",Aaron Gordon enters the game for Peyton Watson,92,105,4,5:12,False,0,{'id': '7'},"[{'athlete': {'id': '3064290'}}, {'athlete': {'id': '4576087'}}]",2025-05-02T04:13:42Z,False,"{'x': -214748340, 'y': -214748365}",312.0
401768065486,486,"{'id': '110', 'text': 'Driving Layup Shot'}",Russell Westbrook makes driving layup,94,105,4,5:01,True,2,{'id': '7'},[{'athlete': {'id': '3468'}}],2025-05-02T04:14:02Z,True,"{'x': 23, 'y': 2}",301.0
401768065487,487,"{'id': '16', 'text': 'Full Timeout'}",Clippers Full timeout,94,105,4,5:01,False,0,{'id': '12'},,2025-05-02T04:14:08Z,False,"{'x': -214748340, 'y': -214748365}",301.0
401768065488,488,"{'id': '584', 'text': 'Substitution'}",Norman Powell enters the game for Bogdan Bogdanovic,94,105,4,5:01,False,0,{'id': '12'},"[{'athlete': {'id': '2595516'}}, {'athlete': {'id': '3037789'}}]",2025-05-02T04:17:11Z,False,"{'x': -214748340, 'y': -214748365}",301.0
401768065490,490,"{'id': '92', 'text': 'Jump Shot'}",Nicolas Batum misses 22-foot three point jumper,94,105,4,4:33,False,0,{'id': '12'},[{'athlete': {'id': '3416'}}],2025-05-02T04:18:12Z,True,"{'x': 48, 'y': 2}",273.0
401768065491,491,"{'id': '155', 'text': 'Defensive Rebound'}",Aaron Gordon defensive rebound,94,105,4,4:30,False,0,{'id': '7'},[{'athlete': {'id': '3064290'}}],2025-05-02T04:18:15Z,False,"{'x': 48, 'y': 2}",270.0
401768065492,492,"{'id': '144', 'text': 'Driving Floating Jump Shot'}",Nikola Jokic makes 5-foot driving floating jump shot,96,105,4,4:19,True,2,{'id': '7'},[{'athlete': {'id': '3112335'}}],2025-05-02T04:18:27Z,True,"{'x': 26, 'y': 6}",259.0
401768065494,494,"{'id': '584', 'text': 'Substitution'}",Ivica Zubac enters the game for Derrick Jones Jr.,96,105,4,4:12,False,0,{'id': '12'},"[{'athlete': {'id': '4017837'}}, {'athlete': {'id': '3936099'}}]",2025-05-02T04:18:38Z,False,"{'x': -214748340, 'y': -214748365}",252.0
401768065496,496,"{'id': '44', 'text': 'Shooting Foul'}",Christian Braun shooting foul,96,105,4,3:56,False,0,{'id': '7'},[{'athlete': {'id': '4431767'}}],2025-05-02T04:19:20Z,False,"{'x': 26, 'y': 6}",236.0
401768065498,498,"{'id': '98', 'text': 'Free Throw - 1 of 2'}",Norman Powell makes free throw 1 of 2,96,106,4,3:56,True,1,{'id': '12'},[{'athlete': {'id': '2595516'}}],2025-05-02T04:19:46Z,True,"{'x': -214748340, 'y': -214748365}",236.0
401768065499,499,"{'id': '99', 'text': 'Free Throw - 2 of 2'}",Norman Powell makes free throw 2 of 2,96,107,4,3:56,True,1,{'id': '12'},[{'athlete': {'id': '2595516'}}],2025-05-02T04:20:07Z,True,"{'x': -214748340, 'y': -214748365}",236.0
401768065500,500,"{'id': '145', 'text': 'Driving Floating Bank Jump Shot'}",Nikola Jokic misses two point shot,96,107,4,3:41,False,0,{'id': '7'},[{'athlete': {'id': '3112335'}}],2025-05-02T04:20:25Z,True,"{'x': 33, 'y': 4}",221.0
401768065501,501,"{'id': '156', 'text': 'Offensive Rebound'}",Aaron Gordon offensive rebound,96,107,4,3:38,False,0,{'id': '7'},[{'athlete': {'id': '3064290'}}],2025-05-02T04:20:28Z,False,"{'x': 33, 'y': 4}",218.0
401768065502,502,"{'id': '125', 'text': 'Layup Shot Putback'}",Aaron Gordon misses two point shot,96,107,4,3:37,False,0,{'id': '7'},[{'athlete': {'id': '3064290'}}],2025-05-02T04:20:30Z,True,"{'x': 27, 'y': 3}",217.0
401768065504,504,"{'id': '155', 'text': 'Defensive Rebound'}",James Harden defensive rebound,96,107,4,3:37,False,0,{'id': '12'},[{'athlete': {'id': '3992'}}],2025-05-02T04:20:30Z,False,"{'x': 27, 'y': 3}",217.0
401768065505,505,"{'id': '148', 'text': 'Turnaround Fadeaway Bank Jump Shot'}",James Harden misses two point shot,96,107,4,3:25,False,0,{'id': '12'},[{'athlete': {'id': '3992'}}],2025-05-02T04:20:42Z,True,"{'x': 32, 'y': 8}",205.0
401768065506,506,"{'id': '155', 'text': 'Defensive Rebound'}",Nikola Jokic defensive rebound,96,107,4,3:21,False,0,{'id': '7'},[{'athlete': {'id': '3112335'}}],2025-05-02T04:20:46Z,False,"{'x': 32, 'y': 8}",201.0
401768065507,507,"{'id': '92', 'text': 'Jump Shot'}",Aaron Gordon makes 24-foot three point jumper (Nikola Jokic assists),99,107,4,3:16,True,3,{'id': '7'},"[{'athlete': {'id': '3064290'}}, {'athlete': {'id': '3112335'}}]",2025-05-02T04:20:51Z,True,"{'x': 2, 'y': 8}",196.0
401768065509,509,"{'id': '110', 'text': 'Driving Layup Shot'}",Aaron Gordon blocks Norman Powell 's 5-foot driving layup,99,107,4,2:48,False,0,{'id': '12'},"[{'athlete': {'id': '2595516'}}, {'athlete': {'id': '3064290'}}]",2025-05-02T04:21:19Z,True,"{'x': 27, 'y': 6}",168.0
401768065511,511,"{'id': '155', 'text': 'Defensive Rebound'}",Russell Westbrook defensive rebound,99,107,4,2:44,False,0,{'id': '7'},[{'athlete': {'id': '3468'}}],2025-05-02T04:21:23Z,False,"{'x': 27, 'y': 6}",164.0
401768065512,512,"{'id': '109', 'text': 'Running Layup Shot'}",Jamal Murray makes two point shot (Russell Westbrook assists),101,107,4,2:43,True,2,{'id': '7'},"[{'athlete': {'id': '3936299'}}, {'athlete': {'id': '3468'}}]",2025-05-02T04:21:24Z,True,"{'x': 24, 'y': 2}",163.0
401768065514,514,"{'id': '16', 'text': 'Full Timeout'}",Clippers Full timeout,101,107,4,2:43,False,0,{'id': '12'},,2025-05-02T04:21:33Z,False,"{'x': -214748340, 'y': -214748365}",163.0
401768065516,516,"{'id': '134', 'text': 'Driving Jump Shot Bank'}",James Harden misses 7-foot two point shot,101,107,4,2:17,False,0,{'id': '12'},[{'athlete': {'id': '3992'}}],2025-05-02T04:23:56Z,True,"{'x': 29, 'y': 7}",137.0
401768065517,517,"{'id': '155', 'text': 'Defensive Rebound'}",Nikola Jokic defensive rebound,101,107,4,2:15,False,0,{'id': '7'},[{'athlete': {'id': '3112335'}}],2025-05-02T04:23:58Z,False,"{'x': 29, 'y': 7}",135.0
401768065518,518,"{'id': '109', 'text': 'Running Layup Shot'}",Russell Westbrook misses two point shot,101,107,4,2:13,False,0,{'id': '7'},[{'athlete': {'id': '3468'}}],2025-05-02T04:24:01Z,True,"{'x': 27, 'y': 2}",133.0
401768065519,519,"{'id': '155', 'text': 'Defensive Rebound'}",Nicolas Batum defensive rebound,101,107,4,2:08,False,0,{'id': '12'},[{'athlete': {'id': '3416'}}],2025-05-02T04:24:05Z,False,"{'x': 27, 'y': 2}",128.0
401768065520,520,"{'id': '131', 'text': 'Pullup Jump Shot'}",Norman Powell makes 26-foot three pointer (Nicolas Batum assists),101,110,4,1:47,True,3,{'id': '12'},"[{'athlete': {'id': '2595516'}}, {'athlete': {'id': '3416'}}]",2025-05-02T04:24:28Z,True,"{'x': 49, 'y': 11}",107.0
401768065522,522,"{'id': '110', 'text': 'Driving Layup Shot'}",Ivica Zubac blocks Nikola Jokic 's 4-foot driving layup,101,110,4,1:35,False,0,{'id': '7'},"[{'athlete': {'id': '3112335'}}, {'athlete': {'id': '4017837'}}]",2025-05-02T04:24:44Z,True,"{'x': 25, 'y': 5}",95.0
401768065524,524,"{'id': '156', 'text': 'Offensive Rebound'}",Nuggets offensive team rebound,101,110,4,1:35,False,0,{'id': '7'},,2025-05-02T04:24:44Z,False,"{'x': 25, 'y': 5}",95.0
401768065526,526,"{'id': '92', 'text': 'Jump Shot'}",Aaron Gordon misses 26-foot three point jumper,101,110,4,1:25,False,0,{'id': '7'},[{'athlete': {'id': '3064290'}}],2025-05-02T04:25:17Z,True,"{'x': 31, 'y': 26}",85.0
401768065527,527,"{'id': '156', 'text': 'Offensive Rebound'}",Russell Westbrook offensive rebound,101,110,4,1:22,False,0,{'id': '7'},[{'athlete': {'id': '3468'}}],2025-05-02T04:25:20Z,False,"{'x': 31, 'y': 26}",82.0
401768065528,528,"{'id': '131', 'text': 'Pullup Jump Shot'}",Russell Westbrook misses 25-foot three point pullup jump shot,101,110,4,1:20,False,0,{'id': '7'},[{'athlete': {'id': '3468'}}],2025-05-02T04:25:22Z,True,"{'x': 27, 'y': 26}",80.0
401768065529,529,"{'id': '156', 'text': 'Offensive Rebound'}",Aaron Gordon offensive rebound,101,110,4,1:20,False,0,{'id': '7'},[{'athlete': {'id': '3064290'}}],2025-05-02T04:25:22Z,False,"{'x': 27, 'y': 26}",80.0
401768065530,530,"{'id': '94', 'text': 'Tip Shot'}",Aaron Gordon makes tip shot,103,110,4,1:19,True,2,{'id': '7'},[{'athlete': {'id': '3064290'}}],2025-05-02T04:25:26Z,True,"{'x': 25, 'y': 0}",79.0
401768065568,568,"{'id': '110', 'text': 'Driving Layup Shot'}",Jamal Murray blocks Norman Powell 's 4-foot driving layup,103,110,4,1:09,False,0,{'id': '12'},"[{'athlete': {'id': '2595516'}}, {'athlete': {'id': '3936299'}}]",2025-05-02T04:25:32Z,True,"{'x': 24, 'y': 4}",69.0
401768065570,570,"{'id': '155', 'text': 'Defensive Rebound'}",Jamal Murray defensive rebound,103,110,4,1:09,False,0,{'id': '7'},[{'athlete': {'id': '3936299'}}],2025-05-02T04:25:32Z,False,"{'x': 24, 'y': 4}",69.0
401768065533,533,"{'id': '109', 'text': 'Running Layup Shot'}",Nicolas Batum blocks Russell Westbrook 's 2-foot two point shot,103,110,4,1:04,False,0,{'id': '7'},"[{'athlete': {'id': '3468'}}, {'athlete': {'id': '3416'}}]",2025-05-02T04:25:42Z,True,"{'x': 24, 'y': 2}",64.0
401768065535,535,"{'id': '156', 'text': 'Offensive Rebound'}",Christian Braun offensive rebound,103,110,4,1:00,False,0,{'id': '7'},[{'athlete': {'id': '4431767'}}],2025-05-02T04:25:46Z,False,"{'x': 24, 'y': 2}",60.0
401768065536,536,"{'id': '44', 'text': 'Shooting Foul'}",James Harden shooting foul,103,110,4,58.1,False,0,{'id': '12'},[{'athlete': {'id': '3992'}}],2025-05-02T04:25:49Z,False,"{'x': 19, 'y': 4}",58.1
401768065538,538,"{'id': '98', 'text': 'Free Throw - 1 of 2'}",Christian Braun makes free throw 1 of 2,104,110,4,58.1,True,1,{'id': '7'},[{'athlete': {'id': '4431767'}}],2025-05-02T04:26:32Z,True,"{'x': -214748340, 'y': -214748365}",58.1
401768065539,539,"{'id': '99', 'text': 'Free Throw - 2 of 2'}",Christian Braun makes free throw 2 of 2,105,110,4,58.1,True,1,{'id': '7'},[{'athlete': {'id': '4431767'}}],2025-05-02T04:26:55Z,True,"{'x': -214748340, 'y': -214748365}",58.1
401768065540,540,"{'id': '16', 'text': 'Full Timeout'}",Clippers Full timeout,105,110,4,50.0,False,0,{'id': '12'},,2025-05-02T04:27:21Z,False,"{'x': -214748340, 'y': -214748365}",50.0
401768065541,541,"{'id': '63', 'text': 'Lost Ball Turnover'}",James Harden lost ball turnover (Nikola Jokic steals),105,110,4,35.0,False,0,{'id': '12'},"[{'athlete': {'id': '3992'}}, {'athlete': {'id': '3112335'}}]",2025-05-02T04:29:14Z,False,"{'x': 22, 'y': 5}",35.0
401768065543,543,"{'id': '110', 'text': 'Driving Layup Shot'}",Ivica Zubac blocks Nikola Jokic 's 4-foot driving layup,105,110,4,24.1,False,0,{'id': '7'},"[{'athlete': {'id': '3112335'}}, {'athlete': {'id': '4017837'}}]",2025-05-02T04:29:25Z,True,"{'x': 24, 'y': 4}",24.1
401768065545,545,"{'id': '155', 'text': 'Defensive Rebound'}",Kawhi Leonard defensive rebound,105,110,4,22.0,False,0,{'id': '12'},[{'athlete': {'id': '6450'}}],2025-05-02T04:29:27Z,False,"{'x': 24, 'y': 4}",22.0
401768065546,546,"{'id': '22', 'text': 'Personal Take Foul'}",Christian Braun personal take foul,105,110,4,20.1,False,0,{'id': '7'},[{'athlete': {'id': '4431767'}}],2025-05-02T04:29:31Z,False,"{'x': 13, 'y': 11}",20.1
401768065548,548,"{'id': '584', 'text': 'Substitution'}",Bogdan Bogdanovic enters the game for Ivica Zubac,105,110,4,20.1,False,0,{'id': '12'},"[{'athlete': {'id': '3037789'}}, {'athlete': {'id': '4017837'}}]",2025-05-02T04:29:54Z,False,"{'x': -214748340, 'y': -214748365}",20.1
401768065550,550,"{'id': '584', 'text': 'Substitution'}",Peyton Watson enters the game for Nikola Jokic,105,110,4,20.1,False,0,{'id': '7'},"[{'athlete': {'id': '4576087'}}, {'athlete': {'id': '3112335'}}]",2025-05-02T04:30:05Z,False,"{'x': -214748340, 'y': -214748365}",20.1
401768065552,552,"{'id': '22', 'text': 'Personal Take Foul'}",Russell Westbrook personal take foul,105,110,4,18.1,False,0,{'id': '7'},[{'athlete': {'id': '3468'}}],2025-05-02T04:30:47Z,False,"{'x': 40, 'y': 26}",18.1
401768065554,554,"{'id': '98', 'text': 'Free Throw - 1 of 2'}",Kawhi Leonard makes free throw 1 of 2,105,111,4,18.1,True,1,{'id': '12'},[{'athlete': {'id': '6450'}}],2025-05-02T04:31:26Z,True,"{'x': -214748340, 'y': -214748365}",18.1
401768065555,555,"{'id': '584', 'text': 'Substitution'}",Derrick Jones Jr. enters the game for Bogdan Bogdanovic,105,111,4,18.1,False,0,{'id': '12'},"[{'athlete': {'id': '3936099'}}, {'athlete': {'id': '3037789'}}]",2025-05-02T04:31:27Z,False,"{'x': -214748340, 'y': -214748365}",18.1
401768065557,557,"{'id': '584', 'text': 'Substitution'}",Nikola Jokic enters the game for Peyton Watson,105,111,4,18.1,False,0,{'id': '7'},"[{'athlete': {'id': '3112335'}}, {'athlete': {'id': '4576087'}}]",2025-05-02T04:31:34Z,False,"{'x': -214748340, 'y': -214748365}",18.1
401768065559,559,"{'id': '99', 'text': 'Free Throw - 2 of 2'}",Kawhi Leonard misses free throw 2 of 2,105,111,4,18.1,False,0,{'id': '12'},[{'athlete': {'id': '6450'}}],2025-05-02T04:31:26Z,True,"{'x': -214748340, 'y': -214748365}",18.1
401768065560,560,"{'id': '155', 'text': 'Defensive Rebound'}",Russell Westbrook defensive rebound,105,111,4,18.0,False,0,{'id': '7'},[{'athlete': {'id': '3468'}}],2025-05-02T04:31:26Z,False,"{'x': -214748340, 'y': -214748365}",18.0
401768065561,561,"{'id': '16', 'text': 'Full Timeout'}",Nuggets Full timeout,105,111,4,18.0,False,0,{'id': '7'},,2025-05-02T04:31:58Z,False,"{'x': -214748340, 'y': -214748365}",18.0
401768065562,562,"{'id': '92', 'text': 'Jump Shot'}",Jamal Murray misses 28-foot three point jumper,105,111,4,15.1,False,0,{'id': '7'},[{'athlete': {'id': '3936299'}}],2025-05-02T04:33:27Z,True,"{'x': 45, 'y': 21}",15.1
401768065563,563,"{'id': '156', 'text': 'Offensive Rebound'}",Aaron Gordon offensive rebound,105,111,4,13.1,False,0,{'id': '7'},[{'athlete': {'id': '3064290'}}],2025-05-02T04:33:30Z,False,"{'x': 45, 'y': 21}",13.1
401768065564,564,"{'id': '131', 'text': 'Pullup Jump Shot'}",Nicolas Batum blocks Aaron Gordon 's 24-foot three point pullup jump shot,105,111,4,9.0,False,0,{'id': '7'},"[{'athlete': {'id': '3064290'}}, {'athlete': {'id': '3416'}}]",2025-05-02T04:33:32Z,True,"{'x': 48, 'y': 7}",9.0
401768065566,566,"{'id': '155', 'text': 'Defensive Rebound'}",Derrick Jones Jr. defensive rebound,105,111,4,6.0,False,0,{'id': '12'},[{'athlete': {'id': '3936099'}}],2025-05-02T04:33:36Z,False,"{'x': 48, 'y': 7}",6.0
401768065567,567,"{'id': '412', 'text': 'End Period'}",End of the 4th Quarter,105,111,4,0.0,False,0,,,2025-05-02T04:33:45Z,False,"{'x': -214748340, 'y': -214748365}",0.0
401768065571,571,"{'id': '402', 'text': 'End Game'}",End of Game,105,111,4,0.0,False,0,,,2025-05-02T04:36:17Z,False,"{'x': -214748340, 'y': -214748365}",0.0
